PartidoID,Fecha,EquipoLocalID,EquipoVisitID,GolesLocal,GolesVisit,Tiros Local,Tiros Visit,Tiros a puerta Local,Tiros a puerta Visit,Posesion Local,Posesion Visit,Pases Local,Pases Visit,Precision de pases Local,Precision de pases Visit,Faltas Local,Faltas Visit,Tarjetas amarillas Local,Tarjetas amarillas Visit,Tarjetas rojas Local,Tarjetas rojas Visit,Fueras de juego Local,Fueras de juego Visit,Saques de esquina Local,Saques de esquina Visit
22-23-000,12/8/22,LEVANTE,HUESCA,0,0,16,9,2,2,0.58,0.42,394.0,299.0,0.79,0.79,19,9,4,1,1,0,1,4,10.0,2.0
22-23-001,13/8/22,EIBAR,TENERIFE,2,1,13,6,3,1,0.63,0.37,498.0,302.0,0.84,0.72,15,6,4,2,0,0,1,3,6.0,4.0
22-23-002,13/8/22,MIRANDES,GIJON,1,1,15,8,2,4,0.48,0.52,355.0,383.0,0.71,0.74,16,5,1,2,0,0,3,1,3.0,2.0
22-23-003,13/8/22,LEGANES,ALAVES,1,2,15,9,2,3,0.63,0.37,489.0,298.0,0.84,0.73,11,14,3,3,0,0,3,1,3.0,3.0
22-23-004,13/8/22,PALMAS,ZARAGOZA,0,0,12,8,5,4,0.59,0.41,502.0,356.0,0.83,0.77,11,20,5,3,0,0,4,1,4.0,2.0
22-23-005,14/8/22,SANTANDER,VILLARREALB,0,2,8,10,5,5,0.44,0.56,355.0,441.0,0.72,0.78,21,18,1,2,0,0,1,0,1.0,3.0
22-23-006,14/8/22,IBIZA,GRANADA,0,2,6,10,2,4,0.45,0.55,250.0,300.0,0.8,0.85,12,10,1,2,0,0,4,5,3.0,1.0
22-23-007,14/8/22,BURGOS,MALAGA,1,0,19,23,11,11,0.52,0.48,436.0,408.0,0.8,0.77,12,10,1,2,0,0,3,2,4.0,5.0
22-23-008,15/8/22,OVIEDO,ANDORRA,0,1,10,7,3,4,0.35,0.65,346.0,651.0,0.77,0.87,13,11,1,1,1,0,2,1,5.0,3.0
22-23-009,15/8/22,LUGO,ALBACETE,1,2,7,18,3,4,0.35,0.65,234.0,425.0,0.66,0.82,14,7,4,3,0,0,0,0,2.0,11.0
22-23-010,15/8/22,CARTAGENA,PONFERRADINA,2,3,20,6,3,4,0.55,0.45,458.0,398.0,0.82,0.75,10,8,3,1,0,0,4,2,9.0,2.0
22-23-011,19/8/22,VILLARREALB,EIBAR,2,2,13,14,5,3,0.45,0.55,395.0,458.0,0.81,0.8,11,15,5,4,1,1,3,2,2.0,6.0
22-23-012,19/8/22,ALAVES,MIRANDES,1,0,15,12,5,1,0.44,0.56,327.0,416.0,0.66,0.75,13,12,2,3,0,0,2,1,3.0,6.0
22-23-013,20/8/22,GIJON,ANDORRA,4,1,13,7,6,2,0.26,0.73,290.0,582.0,0.64,0.87,15,7,1,2,0,0,3,1,2.0,4.0
22-23-014,20/8/22,ZARAGOZA,LEVANTE,0,0,11,8,6,1,0.57,0.43,525.0,404.0,0.84,0.8,10,8,0,1,0,0,0,2,5.0,7.0
22-23-015,20/8/22,ALBACETE,BURGOS,0,0,14,8,2,0,0.56,0.44,405.0,332.0,0.78,0.7,19,11,2,2,1,0,1,3,6.0,1.0
22-23-016,20/8/22,GRANADA,SANTANDER,2,0,11,6,4,2,0.57,0.43,404.0,296.0,0.76,0.65,18,14,2,1,0,0,2,5,5.0,6.0
22-23-017,21/8/22,OVIEDO,LEGANES,1,0,11,5,5,0,0.57,0.43,404.0,311.0,0.78,0.72,16,10,5,3,0,1,4,4,4.0,2.0
22-23-018,21/8/22,HUESCA,CARTAGENA,2,3,8,11,1,4,0.44,0.56,326.0,404.0,0.68,0.75,15,17,3,3,0,0,0,4,2.0,4.0
22-23-019,21/8/22,TENERIFE,LUGO,1,1,23,7,8,2,0.6,0.4,414.0,281.0,0.83,0.69,16,14,4,1,1,1,2,3,3.0,2.0
22-23-020,22/8/22,PONFERRADINA,IBIZA,2,1,21,8,7,3,0.57,0.43,483.0,366.0,0.85,0.79,9,18,2,3,0,0,3,4,4.0,4.0
22-23-021,22/8/22,MALAGA,PALMAS,0,4,10,18,5,7,0.47,0.53,411.0,461.0,0.77,0.8,17,9,2,1,0,0,4,3,1.0,3.0
22-23-022,26/8/22,ALBACETE,HUESCA,2,1,14,11,7,3,0.6,0.4,387.0,265.0,0.8,0.74,12,11,2,2,0,1,2,0,8.0,3.0
22-23-023,26/8/22,CARTAGENA,ZARAGOZA,1,0,7,12,3,4,0.46,0.54,382.0,462.0,0.8,0.82,14,8,4,4,1,1,0,1,4.0,6.0
22-23-024,27/8/22,GIJON,BURGOS,0,0,13,7,6,2,0.65,0.35,413.0,242.0,0.78,0.67,15,7,1,2,0,0,2,1,3.0,4.0
22-23-025,27/8/22,MIRANDES,MALAGA,1,3,17,18,3,6,0.54,0.46,419.0,364.0,0.75,0.75,8,9,2,4,0,0,4,2,5.0,4.0
22-23-026,27/8/22,LUGO,LEGANES,1,0,10,21,3,7,0.37,0.63,272.0,457.0,0.73,0.82,15,12,3,1,0,0,3,2,2.0,17.0
22-23-027,27/8/22,LEVANTE,TENERIFE,2,0,9,7,6,1,0.51,0.49,430.0,402.0,0.85,0.81,16,11,3,4,0,1,3,1,3.0,3.0
22-23-028,28/8/22,SANTANDER,OVIEDO,0,1,7,4,2,3,0.6,0.4,175.0,114.0,0.85,0.4,11,24,2,0,0,0,1,3,7.0,5.0
22-23-029,28/8/22,EIBAR,PONFERRADINA,1,0,12,9,5,1,0.47,0.53,423.0,476.0,0.78,0.81,16,10,4,3,0,0,6,3,10.0,4.0
22-23-030,28/8/22,IBIZA,ALAVES,1,1,16,11,2,3,0.54,0.46,410.0,352.0,0.84,0.76,15,16,4,2,0,0,2,1,8.0,3.0
22-23-031,29/8/22,GRANADA,VILLARREALB,3,0,6,6,4,0,0.52,0.48,416.0,391.0,0.78,0.75,17,11,2,2,0,0,1,4,4.0,2.0
22-23-032,29/8/22,PALMAS,ANDORRA,2,0,9,7,5,3,0.33,0.67,287.0,565.0,0.71,0.83,16,15,3,1,0,0,6,4,3.0,5.0
22-23-033,2/9/22,LEGANES,EIBAR,2,1,11,12,6,3,0.53,0.47,429.0,368.0,0.78,0.81,17,13,4,2,0,1,3,4,4.0,5.0
22-23-034,3/9/22,ALAVES,PALMAS,1,1,7,6,3,1,0.23,0.77,215.0,710.0,0.65,0.89,26,15,0,2,0,0,4,2,1.0,3.0
22-23-035,3/9/22,VILLARREALB,MIRANDES,3,0,18,8,6,1,0.67,0.33,455.0,220.0,0.84,0.65,15,18,3,2,0,1,1,0,7.0,3.0
22-23-036,3/9/22,PONFERRADINA,GIJON,1,3,13,8,5,4,0.66,0.34,534.0,271.0,0.83,0.74,12,13,5,0,0,0,0,4,5.0,6.0
22-23-037,3/9/22,TENERIFE,SANTANDER,1,0,11,10,4,2,0.5,0.5,373.0,245.0,0.79,0.78,19,17,2,4,0,1,3,2,4.0,2.0
22-23-038,4/9/22,ANDORRA,GRANADA,1,0,6,17,2,3,0.59,0.41,522.0,345.0,0.8,0.71,13,13,1,2,0,0,3,3,2.0,4.0
22-23-039,4/9/22,MALAGA,ALBACETE,1,2,18,8,7,6,0.61,0.39,483.0,319.0,0.82,0.69,11,19,2,6,0,0,0,1,7.0,4.0
22-23-040,4/9/22,BURGOS,CARTAGENA,1,0,12,17,3,4,0.37,0.63,315.0,508.0,0.69,0.83,19,7,1,1,0,0,2,5,4.0,10.0
22-23-041,4/9/22,HUESCA,IBIZA,3,0,12,6,4,1,0.32,0.68,253.0,531.0,0.68,0.83,16,14,3,2,0,0,2,1,2.0,1.0
22-23-042,4/9/22,ZARAGOZA,LUGO,1,2,12,12,4,2,0.67,0.33,483.0,246.0,0.79,0.64,13,11,3,2,0,0,1,2,9.0,2.0
22-23-043,5/9/22,OVIEDO,LEVANTE,1,1,14,7,5,1,0.49,0.51,370.0,392.0,0.77,0.75,14,16,3,6,0,1,0,2,3.0,3.0
22-23-044,9/9/22,PALMAS,LEGANES,1,0,7,3,3,1,0.54,0.46,472.0,394.0,0.79,0.74,13,11,3,4,0,0,0,4,4.0,1.0
22-23-045,10/9/22,LUGO,ALAVES,1,2,14,21,3,7,0.36,0.64,194.0,353.0,0.56,0.75,18,14,1,6,1,1,5,1,3.0,11.0
22-23-046,10/9/22,BURGOS,OVIEDO,0,0,17,8,6,2,0.54,0.46,384.0,333.0,0.73,0.71,10,14,1,1,0,0,2,0,9.0,6.0
22-23-047,10/9/22,CARTAGENA,ALBACETE,2,1,13,11,8,4,0.49,0.51,377.0,376.0,0.75,0.78,18,18,3,1,0,0,2,2,2.0,2.0
22-23-048,10/9/22,LEVANTE,VILLARREALB,4,1,14,13,6,3,0.44,0.56,320.0,415.0,0.78,0.79,12,10,5,3,0,0,3,0,5.0,2.0
22-23-049,11/9/22,GIJON,SANTANDER,0,2,14,9,5,3,0.64,0.36,403.0,278.0,0.76,0.65,16,15,4,5,0,0,1,2,2.0,7.0
22-23-050,11/9/22,IBIZA,TENERIFE,1,0,8,7,2,1,0.49,0.5,423.0,374.0,0.82,0.78,12,12,5,3,0,0,1,4,6.0,7.0
22-23-051,11/9/22,MIRANDES,ANDORRA,1,1,10,14,4,6,0.34,0.66,263.0,516.0,0.71,0.84,10,8,0,1,0,1,4,1,3.0,5.0
22-23-052,11/9/22,PONFERRADINA,ZARAGOZA,1,2,10,13,4,6,0.65,0.35,520.0,281.0,0.87,0.74,14,14,2,0,0,0,0,3,1.0,6.0
22-23-053,11/9/22,HUESCA,MALAGA,1,0,8,11,2,1,0.38,0.62,301.0,475.0,0.72,0.85,12,11,1,2,0,0,2,2,5.0,3.0
22-23-054,12/9/22,EIBAR,GRANADA,4,0,15,8,8,1,0.55,0.45,443.0,366.0,0.7,0.68,13,14,2,1,0,0,5,1,7.0,0.0
22-23-055,16/9/22,LEVANTE,CARTAGENA,0,1,10,5,5,2,0.53,0.47,408.0,378.0,0.8,0.77,18,21,2,4,0,0,3,2,3.0,2.0
22-23-056,17/9/22,VILLARREALB,LUGO,3,1,13,9,7,4,0.46,0.54,369.0,408.0,0.73,0.77,14,14,0,3,0,1,1,4,2.0,4.0
22-23-057,17/9/22,OVIEDO,IBIZA,0,1,10,6,1,1,0.69,0.31,385.0,346.0,0.73,0.74,8,16,4,2,0,1,1,2,6.0,3.0
22-23-058,17/9/22,GRANADA,MIRANDES,2,1,13,3,2,1,0.63,0.37,362.0,222.0,0.71,0.55,12,11,4,2,0,1,2,2,10.0,3.0
22-23-059,17/9/22,ANDORRA,EIBAR,2,0,14,7,10,1,0.57,0.43,488.0,365.0,0.83,0.77,12,12,3,3,0,0,1,3,11.0,1.0
22-23-060,17/9/22,ZARAGOZA,GIJON,1,0,10,8,4,1,0.57,0.43,373.0,310.0,0.69,0.62,8,10,2,4,0,0,1,3,8.0,2.0
22-23-061,18/9/22,LEGANES,BURGOS,0,0,14,8,2,3,0.7,0.3,581.0,256.0,0.84,0.67,15,21,1,1,0,0,2,2,4.0,0.0
22-23-062,18/9/22,ALAVES,HUESCA,2,1,13,11,5,3,0.48,0.52,369.0,387.0,0.78,0.78,11,12,1,2,0,0,2,0,6.0,4.0
22-23-063,18/9/22,SANTANDER,PALMAS,0,0,12,26,2,3,0.19,0.81,312.0,376.0,0.69,0.77,18,12,3,3,1,0,2,3,5.0,6.0
22-23-064,18/9/22,ALBACETE,PONFERRADINA,0,1,18,5,6,2,0.58,0.42,488.0,358.0,0.84,0.77,14,14,2,6,1,0,2,4,5.0,0.0
22-23-065,19/9/22,TENERIFE,MALAGA,3,1,20,8,6,3,0.45,0.55,341.0,420.0,0.84,0.85,15,12,1,3,0,1,2,0,4.0,3.0
22-23-066,23/9/22,GIJON,IBIZA,2,1,9,11,4,5,0.41,0.59,343.0,468.0,0.69,0.77,13,12,2,3,0,0,3,3,2.0,4.0
22-23-067,24/9/22,HUESCA,LEGANES,1,0,8,18,3,2,0.33,0.67,252.0,510.0,0.62,0.82,12,7,3,2,0,0,1,3,3.0,6.0
22-23-068,24/9/22,MIRANDES,ZARAGOZA,2,0,20,12,7,4,0.39,0.61,271.0,409.0,0.62,0.7,12,12,3,1,0,0,0,4,4.0,5.0
22-23-069,24/9/22,MALAGA,VILLARREALB,1,1,15,6,7,1,0.62,0.38,506.0,316.0,0.84,0.73,16,18,3,3,0,0,4,1,3.0,4.0
22-23-070,24/9/22,PONFERRADINA,TENERIFE,2,2,15,10,6,4,0.65,0.35,524.0,285.0,0.86,0.72,21,15,4,1,0,1,2,5,1.0,4.0
22-23-071,25/9/22,BURGOS,LEVANTE,0,0,13,17,2,4,0.52,0.48,362.0,331.0,0.78,0.78,13,13,1,3,0,0,3,0,3.0,9.0
22-23-072,25/9/22,LUGO,OVIEDO,0,0,10,6,5,4,0.51,0.49,360.0,380.0,0.7,0.75,11,13,2,2,0,0,1,1,5.0,7.0
22-23-073,25/9/22,EIBAR,SANTANDER,2,1,12,7,5,3,0.69,0.31,564.0,251.0,0.82,0.59,20,20,1,3,0,0,2,2,2.0,3.0
22-23-074,25/9/22,ALBACETE,ANDORRA,1,1,10,6,4,2,0.57,0.43,396.0,295.0,0.72,0.63,19,20,1,3,0,1,2,1,5.0,4.0
22-23-075,26/9/22,CARTAGENA,ALAVES,1,1,18,6,6,1,0.59,0.41,486.0,346.0,0.85,0.8,14,11,3,1,0,0,2,1,9.0,3.0
22-23-076,26/9/22,PALMAS,GRANADA,2,0,15,9,5,1,0.6,0.4,501.0,341.0,0.84,0.7,11,13,3,3,0,0,4,4,4.0,8.0
22-23-077,30/9/22,TENERIFE,GIJON,1,1,16,12,5,6,0.6,0.4,507.0,352.0,0.83,0.76,8,13,2,3,0,0,1,0,11.0,6.0
22-23-078,1/10/22,SANTANDER,MALAGA,0,0,16,6,3,4,0.38,0.62,301.0,502.0,0.68,0.8,14,12,2,0,0,0,2,3,4.0,1.0
22-23-079,1/10/22,MIRANDES,PALMAS,3,3,13,8,4,4,0.43,0.57,407.0,549.0,0.76,0.8,22,9,3,4,0,0,1,1,3.0,2.0
22-23-080,1/10/22,ANDORRA,LEVANTE,3,1,11,12,5,3,0.56,0.44,401.0,316.0,0.75,0.71,5,24,3,4,0,0,2,4,3.0,2.0
22-23-081,1/10/22,VILLARREALB,BURGOS,0,0,10,12,3,1,0.55,0.45,471.0,399.0,0.82,0.75,14,11,1,1,0,0,2,3,4.0,1.0
22-23-082,2/10/22,ALAVES,PONFERRADINA,3,1,15,10,9,4,0.4,0.6,337.0,523.0,0.8,0.87,16,8,2,3,0,0,3,0,6.0,3.0
22-23-083,2/10/22,LEGANES,ALBACETE,1,2,10,15,5,5,0.54,0.46,407.0,348.0,0.74,0.73,23,11,4,0,0,0,1,4,1.0,6.0
22-23-084,2/10/22,GRANADA,HUESCA,0,0,11,9,2,1,0.68,0.32,413.0,207.0,0.73,0.49,13,14,1,5,1,0,0,1,8.0,1.0
22-23-085,2/10/22,OVIEDO,CARTAGENA,1,3,6,14,3,9,0.47,0.53,394.0,454.0,0.73,0.75,6,9,2,2,0,0,1,1,7.0,7.0
22-23-086,2/10/22,IBIZA,LUGO,3,2,15,16,4,3,0.42,0.58,343.0,446.0,0.68,0.75,13,8,3,2,0,0,2,2,5.0,7.0
22-23-087,3/10/22,ZARAGOZA,EIBAR,0,0,10,3,3,1,0.59,0.41,471.0,330.0,0.83,0.7,14,12,2,8,0,2,2,1,5.0,1.0
22-23-088,7/10/22,GIJON,VILLARREALB,3,1,11,12,5,1,0.49,0.51,361.0,358.0,0.78,0.77,11,12,1,1,0,0,1,4,6.0,10.0
22-23-089,8/10/22,PONFERRADINA,GRANADA,0,0,12,13,0,3,0.36,0.64,302.0,541.0,0.68,0.81,12,13,0,0,0,0,2,4,9.0,2.0
22-23-090,8/10/22,HUESCA,LUGO,1,1,13,12,5,3,0.43,0.57,249.0,316.0,0.64,0.72,7,15,1,4,1,0,2,1,6.0,3.0
22-23-091,8/10/22,PALMAS,IBIZA,0,0,26,3,6,2,0.64,0.36,509.0,299.0,0.84,0.7,15,18,0,7,0,0,2,6,14.0,3.0
22-23-092,8/10/22,BURGOS,ALAVES,3,0,11,8,6,3,0.47,0.53,366.0,399.0,0.78,0.8,18,12,3,2,0,0,1,1,2.0,6.0
22-23-093,9/10/22,CARTAGENA,LEGANES,1,2,17,9,7,5,0.6,0.4,471.0,323.0,0.82,0.74,16,11,2,4,0,0,4,1,4.0,2.0
22-23-094,9/10/22,ZARAGOZA,OVIEDO,1,1,10,9,3,2,0.55,0.45,330.0,280.0,0.68,0.67,15,12,4,2,0,0,3,5,13.0,2.0
22-23-095,9/10/22,LEVANTE,SANTANDER,0,1,10,19,4,7,0.71,0.29,515.0,223.0,0.82,0.66,20,11,3,2,0,2,2,0,5.0,2.0
22-23-096,9/10/22,ALBACETE,TENERIFE,1,1,4,13,2,5,0.45,0.55,340.0,398.0,0.73,0.77,11,15,1,1,1,0,0,2,5.0,13.0
22-23-097,9/10/22,MALAGA,ANDORRA,0,0,10,7,1,2,0.46,0.54,379.0,443.0,0.75,0.79,16,10,5,1,0,1,2,3,1.0,6.0
22-23-098,10/10/22,EIBAR,MIRANDES,0,0,16,12,5,4,0.52,0.48,422.0,404.0,0.76,0.75,9,14,2,1,0,0,4,0,3.0,3.0
22-23-099,12/10/22,VILLARREALB,PONFERRADINA,2,2,23,9,10,5,0.52,0.48,436.0,415.0,0.83,0.83,9,14,3,4,0,0,4,2,8.0,3.0
22-23-100,12/10/22,ANDORRA,BURGOS,0,1,20,11,4,2,0.84,0.16,797.0,155.0,0.92,0.65,8,10,2,1,0,0,1,1,12.0,4.0
22-23-101,12/10/22,LEGANES,MALAGA,1,0,4,12,1,1,0.39,0.61,349.0,527.0,0.73,0.84,8,10,0,3,0,0,0,2,2.0,6.0
22-23-102,12/10/22,TENERIFE,CARTAGENA,0,0,17,8,3,1,0.39,0.61,308.0,493.0,0.78,0.83,15,18,2,3,0,0,1,5,8.0,3.0
22-23-103,12/10/22,OVIEDO,HUESCA,0,1,12,6,3,2,0.59,0.41,350.0,252.0,0.7,0.65,14,21,2,3,0,0,2,1,8.0,3.0
22-23-104,12/10/22,ALAVES,ALBACETE,0,0,6,8,2,1,0.52,0.48,399.0,384.0,0.77,0.79,14,13,4,4,0,0,2,3,6.0,1.0
22-23-105,12/10/22,LUGO,PALMAS,0,1,7,15,2,5,0.33,0.67,261.0,557.0,0.63,0.84,17,7,3,1,0,0,2,2,2.0,9.0
22-23-106,12/10/22,SANTANDER,ZARAGOZA,1,0,23,4,9,0,0.49,0.51,271.0,299.0,0.77,0.8,9,17,3,6,0,1,0,2,10.0,3.0
22-23-107,13/10/22,MIRANDES,LEVANTE,0,1,25,12,8,5,0.51,0.49,429.0,429.0,0.84,0.78,14,14,3,2,0,0,1,0,6.0,5.0
22-23-108,13/10/22,IBIZA,EIBAR,1,2,6,17,2,3,0.4,0.6,321.0,463.0,0.69,0.8,15,8,3,2,1,0,1,4,3.0,2.0
22-23-109,13/10/22,GRANADA,GIJON,5,0,13,12,8,3,0.58,0.42,463.0,328.0,0.81,0.74,7,14,0,2,0,0,2,3,2.0,4.0
22-23-110,15/10/22,ZARAGOZA,VILLARREALB,2,1,17,8,4,4,0.51,0.49,377.0,362.0,0.81,0.76,11,6,4,2,0,0,1,1,8.0,7.0
22-23-111,15/10/22,ANDORRA,ALAVES,0,1,9,9,2,5,0.78,0.22,739.0,203.0,0.9,0.7,13,13,1,2,0,0,0,3,5.0,5.0
22-23-112,15/10/22,HUESCA,SANTANDER,0,0,10,11,2,1,0.58,0.42,417.0,295.0,0.76,0.66,20,9,1,0,0,0,2,2,3.0,7.0
22-23-113,15/10/22,PONFERRADINA,PALMAS,0,1,8,7,1,2,0.24,0.76,242.0,791.0,0.74,0.93,13,10,4,3,1,0,8,6,4.0,4.0
22-23-114,15/10/22,ALBACETE,OVIEDO,1,0,10,10,4,3,0.57,0.43,414.0,314.0,0.78,0.74,9,14,2,4,0,0,2,2,3.0,4.0
22-23-115,16/10/22,LEVANTE,LEGANES,2,1,15,10,6,4,0.55,0.45,442.0,364.0,0.85,0.75,17,17,3,3,0,0,2,2,2.0,4.0
22-23-116,16/10/22,BURGOS,MIRANDES,2,1,7,26,2,7,0.3,0.7,235.0,532.0,0.63,0.86,9,8,2,0,1,0,1,1,2.0,8.0
22-23-117,16/10/22,MALAGA,LUGO,3,2,13,17,5,7,0.56,0.44,397.0,311.0,0.8,0.73,11,10,3,3,0,0,2,2,6.0,5.0
22-23-118,16/10/22,TENERIFE,GRANADA,2,0,8,8,4,5,0.45,0.55,324.0,410.0,0.81,0.79,16,9,3,5,0,0,5,2,4.0,0.0
22-23-119,16/10/22,CARTAGENA,IBIZA,2,0,18,15,6,5,0.51,0.49,457.0,430.0,0.8,0.81,13,11,4,1,0,0,4,1,5.0,3.0
22-23-120,17/10/22,GIJON,EIBAR,2,0,9,13,5,1,0.39,0.61,324.0,508.0,0.72,0.79,13,7,1,1,0,0,2,3,3.0,4.0
22-23-121,21/10/22,GRANADA,ZARAGOZA,1,0,14,7,6,0,0.48,0.52,308.0,338.0,0.7,0.68,13,12,5,1,0,0,3,6,8.0,5.0
22-23-122,22/10/22,VILLARREALB,ANDORRA,1,0,10,14,4,3,0.23,0.77,214.0,722.0,0.67,0.9,13,16,1,1,0,0,1,1,0.0,3.0
22-23-123,22/10/22,MIRANDES,HUESCA,1,1,13,7,7,3,0.47,0.53,323.0,358.0,0.74,0.75,12,10,4,1,0,0,1,2,6.0,5.0
22-23-124,22/10/22,ALAVES,GIJON,0,0,12,11,2,0,0.48,0.52,346.0,362.0,0.7,0.72,10,16,2,3,0,0,0,5,3.0,2.0
22-23-125,22/10/22,IBIZA,LEVANTE,1,2,8,12,4,6,0.53,0.47,391.0,347.0,0.78,0.75,15,20,2,4,0,1,4,0,1.0,8.0
22-23-126,23/10/22,SANTANDER,PONFERRADINA,1,1,6,13,3,4,0.41,0.59,294.0,434.0,0.71,0.8,20,19,2,8,0,0,4,2,7.0,4.0
22-23-127,23/10/22,LUGO,BURGOS,2,0,9,11,3,2,0.36,0.64,259.0,463.0,0.63,0.78,21,14,4,2,0,1,1,0,3.0,5.0
22-23-128,23/10/22,LEGANES,TENERIFE,2,1,8,7,5,2,0.59,0.41,530.0,369.0,0.85,0.75,10,14,2,2,0,0,0,0,4.0,7.0
22-23-129,23/10/22,EIBAR,ALBACETE,1,1,23,4,3,3,0.67,0.33,577.0,299.0,0.81,0.64,10,13,4,3,0,0,1,2,7.0,0.0
22-23-130,23/10/22,PALMAS,CARTAGENA,1,0,21,0,7,0,0.73,0.27,671.0,245.0,0.88,0.64,6,12,0,2,0,1,4,3,9.0,1.0
22-23-131,24/10/22,OVIEDO,MALAGA,1,0,6,15,2,2,0.37,0.63,295.0,496.0,0.63,0.8,13,14,1,2,0,0,0,2,1.0,5.0
22-23-132,28/10/22,TENERIFE,ZARAGOZA,0,2,13,6,4,4,0.47,0.53,388.0,450.0,0.8,0.78,16,15,3,3,0,0,3,0,3.0,4.0
22-23-133,29/10/22,ANDORRA,PONFERRADINA,3,0,18,10,6,0,0.67,0.33,622.0,309.0,0.92,0.81,15,18,0,4,0,0,2,1,7.0,4.0
22-23-134,29/10/22,HUESCA,PALMAS,1,0,3,17,1,3,0.14,0.86,140.0,827.0,0.52,0.9,10,8,1,4,1,0,4,1,4.0,16.0
22-23-135,29/10/22,ALAVES,OVIEDO,2,1,10,8,4,1,0.58,0.42,383.0,277.0,0.8,0.68,12,21,1,4,0,0,2,1,5.0,2.0
22-23-136,29/10/22,LEGANES,SANTANDER,0,0,11,7,4,2,0.64,0.36,509.0,262.0,0.87,0.71,21,13,4,2,0,1,1,2,7.0,1.0
22-23-137,29/10/22,BURGOS,IBIZA,2,0,9,11,2,0,0.4,0.6,298.0,421.0,0.73,0.81,15,12,5,1,0,0,2,4,2.0,7.0
22-23-138,30/10/22,LUGO,MIRANDES,0,0,11,12,1,2,0.42,0.58,308.0,430.0,0.67,0.7,25,10,2,1,0,0,0,0,6.0,2.0
22-23-139,30/10/22,MALAGA,EIBAR,0,1,15,10,5,2,0.63,0.37,531.0,330.0,0.82,0.75,11,8,2,2,0,0,1,3,5.0,2.0
22-23-140,30/10/22,CARTAGENA,GRANADA,0,0,9,14,4,0,0.59,0.41,457.0,329.0,0.8,0.75,14,14,2,0,0,0,0,0,8.0,5.0
22-23-141,30/10/22,ALBACETE,VILLARREALB,0,0,16,13,4,4,0.61,0.39,513.0,334.0,0.86,0.76,15,11,1,2,0,0,0,0,5.0,6.0
22-23-142,31/10/22,LEVANTE,GIJON,1,0,9,9,3,1,0.58,0.42,450.0,322.0,0.83,0.74,7,11,1,2,0,0,1,0,3.0,6.0
22-23-143,1/11/22,ZARAGOZA,ANDORRA,0,2,12,5,3,2,0.37,0.63,349.0,598.0,0.74,0.86,19,10,3,2,0,0,6,2,3.0,2.0
22-23-144,1/11/22,PONFERRADINA,HUESCA,1,0,11,17,2,3,0.43,0.57,329.0,401.0,0.79,0.8,15,10,4,2,0,0,0,2,4.0,7.0
22-23-145,1/11/22,PALMAS,BURGOS,0,2,18,7,4,3,0.78,0.22,757.0,208.0,0.9,0.67,8,8,1,2,0,1,2,1,11.0,3.0
22-23-146,1/11/22,SANTANDER,ALAVES,1,1,7,9,4,1,0.41,0.59,266.0,383.0,0.56,0.73,12,17,2,3,0,1,2,3,7.0,8.0
22-23-147,1/11/22,IBIZA,LEGANES,0,2,10,11,3,5,0.52,0.48,402.0,377.0,0.73,0.74,19,12,5,2,0,0,2,4,5.0,5.0
22-23-148,2/11/22,EIBAR,LUGO,1,0,18,11,7,3,0.72,0.28,585.0,225.0,0.78,0.52,8,10,4,4,0,0,1,3,12.0,3.0
22-23-149,2/11/22,VILLARREALB,OVIEDO,2,1,12,14,5,3,0.62,0.38,527.0,317.0,0.82,0.7,10,11,3,2,0,0,2,1,6.0,8.0
22-23-150,2/11/22,MIRANDES,TENERIFE,1,0,7,11,2,1,0.54,0.46,400.0,342.0,0.8,0.73,17,13,1,4,0,0,0,4,5.0,3.0
22-23-151,3/11/22,CARTAGENA,MALAGA,2,1,17,5,7,2,0.72,0.28,433.0,193.0,0.88,0.57,15,7,3,0,0,1,2,0,7.0,2.0
22-23-152,3/11/22,GIJON,ALBACETE,2,2,18,10,6,5,0.48,0.52,373.0,413.0,0.78,0.77,10,14,3,4,0,0,2,2,6.0,2.0
22-23-153,3/11/22,GRANADA,LEVANTE,0,0,16,4,3,1,0.57,0.43,446.0,361.0,0.77,0.72,14,12,1,6,0,0,1,4,8.0,1.0
22-23-154,4/11/22,ALAVES,ZARAGOZA,1,0,9,14,4,4,0.33,0.67,223.0,468.0,0.61,0.8,10,19,3,2,1,0,4,1,6.0,6.0
22-23-155,5/11/22,BURGOS,TENERIFE,0,1,8,8,3,2,0.58,0.42,401.0,299.0,0.72,0.64,10,13,3,4,0,1,4,3,2.0,2.0
22-23-156,5/11/22,HUESCA,VILLARREALB,1,0,7,10,3,4,0.35,0.65,295.0,527.0,0.69,0.82,15,9,3,3,0,0,0,1,0.0,7.0
22-23-157,5/11/22,ANDORRA,SANTANDER,0,1,15,5,3,1,0.69,0.31,664.0,308.0,0.87,0.69,8,19,1,4,0,0,1,2,8.0,2.0
22-23-158,5/11/22,LEGANES,PONFERRADINA,2,1,8,16,3,2,0.38,0.62,291.0,466.0,0.71,0.81,18,15,2,3,0,1,4,2,7.0,7.0
22-23-159,6/11/22,IBIZA,MIRANDES,1,1,7,4,4,2,0.42,0.58,344.0,479.0,0.66,0.78,17,6,1,1,0,0,3,2,5.0,2.0
22-23-160,6/11/22,OVIEDO,GRANADA,1,0,4,17,1,3,0.27,0.73,232.0,599.0,0.55,0.86,10,10,3,2,1,0,2,2,1.0,7.0
22-23-161,6/11/22,MALAGA,GIJON,1,1,14,13,5,5,0.62,0.38,325.0,324.0,0.72,0.69,13,18,3,4,0,0,2,2,3.0,5.0
22-23-162,6/11/22,PALMAS,EIBAR,1,1,13,10,5,7,0.69,0.31,657.0,307.0,0.84,0.67,16,9,2,1,0,0,1,2,12.0,2.0
22-23-163,6/11/22,ALBACETE,LEVANTE,2,3,13,13,2,3,0.52,0.48,430.0,414.0,0.8,0.81,13,11,4,4,0,0,1,0,4.0,1.0
22-23-164,7/11/22,LUGO,CARTAGENA,1,1,12,14,5,5,0.34,0.66,228.0,458.0,0.61,0.8,12,16,2,2,1,1,0,2,4.0,10.0
22-23-165,18/11/22,GRANADA,ALBACETE,4,0,23,2,7,1,0.74,0.26,513.0,194.0,0.88,0.64,18,14,3,2,0,2,2,2,7.0,1.0
22-23-166,19/11/22,PONFERRADINA,OVIEDO,1,1,8,10,3,3,0.73,0.27,677.0,253.0,0.83,0.6,14,9,3,3,0,0,0,4,4.0,1.0
22-23-167,19/11/22,GIJON,LEGANES,2,2,14,9,6,5,0.46,0.54,376.0,455.0,0.81,0.83,18,7,2,2,0,0,6,0,3.0,3.0
22-23-168,19/11/22,TENERIFE,HUESCA,2,0,17,5,6,2,0.46,0.54,308.0,362.0,0.74,0.81,17,12,3,3,0,0,2,1,10.0,5.0
22-23-169,19/11/22,ZARAGOZA,MALAGA,1,1,17,4,9,3,0.77,0.23,454.0,398.0,0.82,0.76,9,17,2,2,0,1,0,1,,
22-23-170,20/11/22,VILLARREALB,IBIZA,1,0,14,10,11,2,0.59,0.41,422.0,291.0,0.81,0.75,17,26,0,5,1,0,0,2,7.0,4.0
22-23-171,20/11/22,ANDORRA,LUGO,4,0,22,8,9,5,0.75,0.25,610.0,207.0,0.87,0.57,11,7,0,0,0,0,1,1,10.0,2.0
22-23-172,20/11/22,SANTANDER,BURGOS,0,1,12,10,3,5,0.56,0.44,429.0,351.0,0.83,0.77,13,13,2,3,1,0,0,1,5.0,3.0
22-23-173,20/11/22,EIBAR,ALAVES,0,0,11,8,0,0,0.59,0.41,504.0,362.0,0.76,0.64,10,11,0,1,0,0,5,0,4.0,4.0
22-23-174,20/11/22,LEVANTE,PALMAS,1,1,7,17,2,5,0.37,0.63,298.0,511.0,0.73,0.85,25,15,3,3,0,0,2,1,3.0,8.0
22-23-175,21/11/22,MIRANDES,CARTAGENA,2,1,10,14,3,4,0.39,0.61,357.0,547.0,0.78,0.84,14,11,2,2,0,0,1,5,3.0,6.0
22-23-176,25/11/22,HUESCA,GIJON,0,0,6,13,1,2,0.48,0.52,329.0,355.0,0.69,0.7,12,11,5,2,0,0,3,4,5.0,5.0
22-23-177,26/11/22,ALAVES,VILLARREALB,2,0,13,8,4,1,0.47,0.53,359.0,433.0,0.77,0.78,12,10,2,4,0,1,1,0,7.0,1.0
22-23-178,26/11/22,MALAGA,PONFERRADINA,1,0,10,13,3,2,0.44,0.56,378.0,475.0,0.78,0.78,10,19,1,5,0,0,1,2,5.0,5.0
22-23-179,26/11/22,ALBACETE,SANTANDER,2,1,4,10,3,3,0.54,0.46,415.0,383.0,0.76,0.74,18,18,5,4,0,2,1,1,7.0,7.0
22-23-180,26/11/22,OVIEDO,MIRANDES,1,0,9,8,5,0,0.34,0.66,299.0,581.0,0.67,0.82,15,13,2,1,0,0,3,1,4.0,3.0
22-23-181,26/11/22,PALMAS,TENERIFE,3,1,10,2,7,1,0.69,0.31,570.0,256.0,0.86,0.68,22,14,4,2,0,0,0,4,5.0,1.0
22-23-182,27/11/22,BURGOS,ZARAGOZA,2,2,11,10,3,4,0.56,0.44,435.0,345.0,0.79,0.74,4,10,3,2,0,1,4,2,5.0,5.0
22-23-183,27/11/22,LEGANES,GRANADA,1,0,12,3,2,1,0.64,0.36,498.0,273.0,0.79,0.61,16,10,6,2,0,1,1,3,6.0,4.0
22-23-184,27/11/22,LUGO,LEVANTE,1,1,11,13,3,2,0.3,0.7,226.0,506.0,0.61,0.83,10,10,3,3,0,0,2,2,5.0,11.0
22-23-185,27/11/22,CARTAGENA,EIBAR,2,1,16,13,5,6,0.61,0.39,502.0,325.0,0.8,0.73,9,18,2,4,0,0,1,1,4.0,7.0
22-23-186,28/11/22,IBIZA,ANDORRA,0,1,13,10,5,2,0.36,0.64,309.0,572.0,0.76,0.86,14,18,3,5,2,0,1,4,8.0,4.0
22-23-187,30/11/22,TENERIFE,OVIEDO,0,1,26,5,4,2,0.74,0.26,525.0,193.0,0.83,0.53,7,22,1,3,0,0,0,0,15.0,4.0
22-23-188,2/12/22,GRANADA,ALAVES,3,1,10,3,7,2,0.78,0.22,684.0,195.0,0.88,0.58,9,14,3,6,0,1,2,3,4.0,2.0
22-23-189,3/12/22,ZARAGOZA,IBIZA,2,1,10,1,5,0,0.6,0.4,419.0,350.0,0.72,0.66,10,9,0,0,0,0,2,0,6.0,6.0
22-23-190,3/12/22,MIRANDES,ALBACETE,4,2,19,14,6,6,0.48,0.52,357.0,376.0,0.72,0.76,18,13,4,2,0,0,0,4,7.0,5.0
22-23-191,3/12/22,GIJON,PALMAS,0,1,8,6,1,1,0.42,0.58,363.0,526.0,0.73,0.82,18,11,5,0,0,0,5,1,4.0,3.0
22-23-192,3/12/22,VILLARREALB,LEGANES,0,0,5,15,1,3,0.58,0.42,523.0,368.0,0.83,0.8,19,12,3,4,0,0,3,3,3.0,9.0
22-23-193,4/12/22,ANDORRA,CARTAGENA,0,1,25,2,10,2,0.69,0.31,635.0,282.0,0.9,0.76,11,19,1,1,0,0,1,5,6.0,0.0
22-23-194,4/12/22,SANTANDER,LUGO,0,1,13,15,6,5,0.54,0.46,409.0,351.0,0.8,0.74,8,11,0,4,0,0,2,1,11.0,2.0
22-23-195,4/12/22,EIBAR,HUESCA,2,1,13,7,5,3,0.67,0.33,509.0,255.0,0.81,0.61,15,15,5,5,0,0,1,3,9.0,5.0
22-23-196,4/12/22,LEVANTE,MALAGA,1,0,17,13,4,6,0.59,0.41,496.0,348.0,0.81,0.74,20,13,0,3,0,0,3,3,6.0,4.0
22-23-197,5/12/22,PONFERRADINA,BURGOS,1,2,10,8,3,4,0.66,0.34,597.0,322.0,0.86,0.79,7,5,1,0,0,0,0,2,6.0,0.0
22-23-198,6/12/22,LEGANES,MIRANDES,2,2,13,9,4,3,0.52,0.48,413.0,395.0,0.79,0.76,13,13,3,2,0,1,1,3,2.0,2.0
22-23-199,6/12/22,OVIEDO,PALMAS,0,0,11,6,5,1,0.41,0.59,315.0,468.0,0.73,0.79,16,14,2,1,0,1,5,2,3.0,4.0
22-23-200,6/12/22,ALBACETE,ZARAGOZA,0,0,10,10,3,4,0.41,0.59,382.0,547.0,0.76,0.84,7,10,0,2,0,0,3,1,7.0,4.0
22-23-201,7/12/22,CARTAGENA,VILLARREALB,0,1,14,14,3,4,0.53,0.47,475.0,434.0,0.82,0.78,17,10,1,3,0,0,3,0,5.0,3.0
22-23-202,7/12/22,HUESCA,ANDORRA,1,0,8,6,3,0,0.27,0.73,229.0,629.0,0.69,0.86,19,15,3,2,1,1,4,1,4.0,1.0
22-23-203,7/12/22,TENERIFE,ALAVES,2,1,8,7,3,1,0.49,0.51,357.0,344.0,0.78,0.76,19,12,3,2,0,0,1,0,4.0,6.0
22-23-204,8/12/22,BURGOS,EIBAR,1,2,7,17,3,5,0.35,0.65,313.0,548.0,0.68,0.82,4,12,4,2,0,0,0,1,2.0,7.0
22-23-205,8/12/22,LUGO,GIJON,0,1,14,10,1,2,0.53,0.47,243.0,211.0,0.72,0.73,10,15,2,2,0,1,1,0,7.0,2.0
22-23-206,8/12/22,LEVANTE,PONFERRADINA,0,0,19,3,7,0,0.63,0.37,572.0,338.0,0.88,0.72,6,12,4,2,0,0,2,1,7.0,6.0
22-23-207,8/12/22,IBIZA,SANTANDER,1,0,7,7,4,4,0.61,0.39,364.0,238.0,0.78,0.6,22,13,1,2,0,1,3,2,3.0,6.0
22-23-208,8/12/22,MALAGA,GRANADA,1,1,13,18,5,9,0.41,0.59,342.0,496.0,0.72,0.83,15,13,4,3,0,0,3,0,5.0,4.0
22-23-209,10/12/22,VILLARREALB,TENERIFE,2,2,8,10,3,4,0.59,0.41,503.0,360.0,0.83,0.78,14,19,2,3,0,0,0,2,3.0,2.0
22-23-210,10/12/22,ANDORRA,LEGANES,1,1,14,5,5,3,0.61,0.39,527.0,337.0,0.85,0.78,11,14,2,3,0,0,0,2,3.0,2.0
22-23-211,10/12/22,ZARAGOZA,HUESCA,3,0,6,9,3,1,0.48,0.52,297.0,303.0,0.7,0.77,11,14,1,3,0,0,3,4,6.0,13.0
22-23-212,11/12/22,IBIZA,MALAGA,1,1,4,7,3,4,0.46,0.54,310.0,340.0,0.69,0.71,14,18,3,2,0,0,2,3,4.0,8.0
22-23-213,11/12/22,GIJON,CARTAGENA,0,0,19,7,7,1,0.46,0.54,412.0,480.0,0.78,0.8,21,9,3,2,0,0,1,0,3.0,4.0
22-23-214,11/12/22,PONFERRADINA,LUGO,1,0,10,4,3,1,0.46,0.54,404.0,444.0,0.72,0.75,16,11,2,3,1,0,1,3,1.0,4.0
22-23-215,11/12/22,GRANADA,BURGOS,1,0,14,11,4,5,0.56,0.44,418.0,325.0,0.82,0.73,8,18,6,3,0,1,3,7,4.0,6.0
22-23-216,11/12/22,EIBAR,OVIEDO,1,0,9,9,2,0,0.63,0.37,592.0,356.0,0.79,0.64,8,12,2,0,0,0,2,1,6.0,4.0
22-23-217,11/12/22,PALMAS,ALBACETE,1,2,24,12,11,7,0.69,0.31,548.0,245.0,0.88,0.66,13,16,3,3,0,0,2,3,9.0,5.0
22-23-218,11/12/22,SANTANDER,MIRANDES,1,2,12,6,5,4,0.54,0.46,415.0,367.0,0.74,0.73,9,11,0,0,0,0,4,1,8.0,2.0
22-23-219,12/12/22,ALAVES,LEVANTE,0,2,11,7,1,5,0.49,0.51,393.0,409.0,0.76,0.76,21,15,3,3,1,0,3,3,6.0,2.0
22-23-220,16/12/22,TENERIFE,ANDORRA,1,1,9,7,5,2,0.28,0.72,237.0,639.0,0.73,0.9,14,18,2,2,0,0,1,0,6.0,4.0
22-23-221,17/12/22,MIRANDES,PONFERRADINA,2,1,8,15,5,2,0.41,0.59,350.0,489.0,0.79,0.85,9,13,1,4,1,0,3,4,6.0,1.0
22-23-222,17/12/22,LUGO,GRANADA,1,0,8,8,1,3,0.36,0.64,309.0,534.0,0.67,0.81,19,9,4,3,0,1,2,2,1.0,8.0
22-23-223,17/12/22,VILLARREALB,PALMAS,0,1,10,8,4,4,0.65,0.35,477.0,254.0,0.84,0.69,17,9,5,3,0,1,5,1,6.0,7.0
22-23-224,17/12/22,CARTAGENA,SANTANDER,0,3,13,8,2,4,0.67,0.33,497.0,255.0,0.84,0.69,27,17,5,2,0,0,2,1,5.0,5.0
22-23-225,17/12/22,OVIEDO,GIJON,1,0,4,12,1,3,0.44,0.56,167.0,240.0,0.56,0.7,15,20,2,3,0,0,2,0,4.0,2.0
22-23-226,18/12/22,ALBACETE,IBIZA,4,0,9,11,4,3,0.52,0.48,356.0,336.0,0.75,0.75,17,13,1,4,0,0,2,1,5.0,2.0
22-23-227,18/12/22,BURGOS,HUESCA,1,1,17,10,5,2,0.65,0.35,467.0,243.0,0.81,0.65,8,17,2,4,0,0,3,3,5.0,11.0
22-23-228,18/12/22,LEVANTE,EIBAR,0,0,13,5,3,1,0.58,0.42,508.0,377.0,0.83,0.75,12,9,0,2,0,0,1,5,11.0,4.0
22-23-229,18/12/22,MALAGA,ALAVES,1,0,7,10,4,2,0.48,0.52,348.0,355.0,0.74,0.76,18,19,2,3,0,0,3,3,1.0,3.0
22-23-230,19/12/22,LEGANES,ZARAGOZA,2,1,6,7,4,2,0.53,0.47,472.0,419.0,0.81,0.76,9,12,3,2,0,1,2,1,6.0,2.0
22-23-231,6/1/23,PONFERRADINA,VILLARREALB,2,1,15,5,6,3,0.47,0.53,445.0,485.0,0.82,0.82,14,8,3,0,0,1,1,2,5.0,3.0
22-23-232,6/1/23,GIJON,LEVANTE,1,1,7,14,2,3,0.42,0.58,382.0,512.0,0.75,0.83,9,13,4,3,0,0,3,1,3.0,7.0
22-23-233,6/1/23,LEGANES,LUGO,1,0,11,7,4,1,0.64,0.36,475.0,281.0,0.8,0.69,15,14,3,3,0,0,3,1,9.0,1.0
22-23-234,7/1/23,ANDORRA,OVIEDO,3,1,11,8,6,3,0.75,0.25,688.0,222.0,0.88,0.68,9,16,1,3,0,0,0,3,3.0,3.0
22-23-235,7/1/23,MALAGA,TENERIFE,1,1,17,4,4,1,0.58,0.42,498.0,378.0,0.82,0.72,8,13,2,5,0,0,1,1,3.0,2.0
22-23-236,7/1/23,ALAVES,BURGOS,1,0,23,3,7,3,0.63,0.37,386.0,239.0,0.76,0.62,15,11,5,5,0,0,2,5,13.0,2.0
22-23-237,8/1/23,GRANADA,CARTAGENA,1,0,15,7,6,2,0.49,0.51,379.0,386.0,0.78,0.73,21,14,0,3,1,1,0,4,9.0,5.0
22-23-238,8/1/23,ZARAGOZA,MIRANDES,0,0,17,12,4,6,0.63,0.37,546.0,330.0,0.84,0.74,8,16,2,1,0,0,0,1,3.0,5.0
22-23-239,8/1/23,PALMAS,SANTANDER,1,1,18,9,2,3,0.69,0.31,637.0,285.0,0.89,0.74,13,13,2,5,0,0,3,2,8.0,2.0
22-23-240,8/1/23,EIBAR,IBIZA,1,0,10,8,7,5,0.68,0.32,625.0,283.0,0.82,0.68,10,11,2,4,0,0,1,2,4.0,2.0
22-23-241,9/1/23,HUESCA,ALBACETE,1,1,13,15,2,5,0.41,0.59,302.0,440.0,0.72,0.79,13,14,1,1,0,0,1,2,5.0,6.0
22-23-242,13/1/23,OVIEDO,ALAVES,1,0,10,10,2,1,0.39,0.61,267.0,433.0,0.68,0.78,8,16,2,4,0,1,2,0,6.0,5.0
22-23-243,14/1/23,CARTAGENA,HUESCA,0,0,15,4,4,1,0.69,0.31,532.0,239.0,0.84,0.66,12,11,2,2,0,0,2,0,7.0,3.0
22-23-244,14/1/23,IBIZA,PALMAS,1,2,13,14,5,6,0.23,0.77,199.0,675.0,0.63,0.87,14,9,3,3,1,0,5,2,5.0,4.0
22-23-245,14/1/23,VILLARREALB,ZARAGOZA,2,3,10,7,4,3,0.51,0.49,413.0,396.0,0.82,0.82,13,22,3,2,0,0,2,3,2.0,5.0
22-23-246,14/1/23,TENERIFE,PONFERRADINA,0,0,16,1,3,0,0.55,0.45,431.0,371.0,0.8,0.74,14,15,1,6,0,0,2,0,8.0,1.0
22-23-247,14/1/23,SANTANDER,GIJON,2,0,16,19,10,6,0.37,0.63,206.0,373.0,0.67,0.75,12,16,2,4,0,0,0,2,1.0,13.0
22-23-248,14/1/23,LEVANTE,GRANADA,3,1,13,8,5,4,0.45,0.55,374.0,458.0,0.79,0.81,17,12,0,0,0,0,4,0,7.0,1.0
22-23-249,15/1/23,EIBAR,MALAGA,2,1,17,7,7,3,0.54,0.46,553.0,472.0,0.82,0.76,8,10,2,2,0,0,1,3,4.0,1.0
22-23-250,15/1/23,MIRANDES,LUGO,2,0,16,8,3,1,0.49,0.51,431.0,437.0,0.75,0.79,6,18,1,1,1,0,0,2,7.0,2.0
22-23-251,15/1/23,BURGOS,ANDORRA,2,1,10,15,3,7,0.31,0.69,276.0,598.0,0.77,0.87,10,9,2,1,0,0,5,0,3.0,11.0
22-23-252,16/1/23,ALBACETE,LEGANES,1,0,15,7,5,1,0.44,0.56,366.0,456.0,0.65,0.76,13,10,3,4,0,1,2,0,5.0,2.0
22-23-253,20/1/23,PALMAS,MIRANDES,2,1,20,3,7,2,0.68,0.32,620.0,301.0,0.86,0.69,14,12,4,5,0,0,1,3,6.0,0.0
22-23-254,21/1/23,PONFERRADINA,EIBAR,0,1,12,6,5,4,0.48,0.52,406.0,441.0,0.78,0.8,14,10,5,3,0,0,3,6,3.0,6.0
22-23-255,21/1/23,MALAGA,BURGOS,1,1,8,8,3,1,0.57,0.43,298.0,210.0,0.74,0.66,15,12,2,1,0,0,4,2,7.0,5.0
22-23-256,21/1/23,GRANADA,IBIZA,2,0,10,16,4,5,0.64,0.36,506.0,289.0,0.78,0.65,10,8,3,0,0,0,3,4,2.0,2.0
22-23-257,21/1/23,ALAVES,SANTANDER,3,0,19,7,6,3,0.53,0.47,382.0,349.0,0.79,0.74,21,11,1,2,1,0,1,1,2.0,4.0
22-23-258,22/1/23,LEGANES,LEVANTE,2,2,10,18,4,3,0.4,0.6,305.0,438.0,0.73,0.83,11,12,3,3,0,0,5,0,4.0,5.0
22-23-259,22/1/23,CARTAGENA,TENERIFE,0,1,7,10,0,4,0.63,0.37,470.0,286.0,0.79,0.65,16,18,4,4,0,1,1,3,6.0,3.0
22-23-260,22/1/23,GIJON,ZARAGOZA,1,0,11,7,3,2,0.67,0.33,614.0,298.0,0.86,0.7,11,11,2,3,0,2,3,0,5.0,4.0
22-23-261,22/1/23,HUESCA,OVIEDO,1,1,15,8,5,2,0.64,0.36,481.0,275.0,0.83,0.65,12,10,4,3,0,1,0,2,3.0,5.0
22-23-262,22/1/23,LUGO,VILLARREALB,1,2,10,19,5,7,0.37,0.63,266.0,474.0,0.67,0.81,19,7,3,2,1,0,0,2,1.0,9.0
22-23-263,23/1/23,ANDORRA,ALBACETE,0,1,6,6,2,4,0.7,0.3,620.0,276.0,0.89,0.71,14,17,4,3,1,0,2,6,6.0,2.0
22-23-264,27/1/23,SANTANDER,TENERIFE,1,1,10,10,4,2,0.47,0.53,209.0,264.0,0.65,0.56,10,22,4,5,0,0,0,0,7.0,3.0
22-23-265,28/1/23,GRANADA,ANDORRA,2,0,11,12,5,3,0.36,0.64,206.0,462.0,0.43,0.71,6,11,2,3,0,0,1,4,3.0,7.0
22-23-266,28/1/23,OVIEDO,VILLARREALB,0,1,13,3,4,2,0.46,0.54,371.0,478.0,0.75,0.79,11,9,2,3,0,0,4,1,11.0,1.0
22-23-267,28/1/23,EIBAR,LEGANES,0,0,15,8,6,1,0.61,0.39,557.0,362.0,0.85,0.74,12,11,4,3,0,0,2,2,6.0,4.0
22-23-268,28/1/23,PALMAS,HUESCA,1,0,16,7,4,2,0.75,0.25,676.0,222.0,0.88,0.64,11,16,0,5,0,0,1,3,7.0,1.0
22-23-269,29/1/23,MIRANDES,ALAVES,1,3,7,12,3,4,0.59,0.41,499.0,348.0,0.81,0.71,12,17,1,1,0,0,3,3,3.0,7.0
22-23-270,29/1/23,LEVANTE,BURGOS,1,0,15,9,4,1,0.58,0.42,446.0,335.0,0.82,0.77,14,14,3,4,0,0,0,4,3.0,1.0
22-23-271,29/1/23,ALBACETE,LUGO,2,0,12,9,2,3,0.64,0.36,476.0,256.0,0.82,0.68,13,11,1,0,0,0,5,0,7.0,7.0
22-23-272,29/1/23,GIJON,MALAGA,0,0,9,11,2,1,0.55,0.45,402.0,294.0,0.62,0.55,9,14,2,2,0,0,3,3,2.0,5.0
22-23-273,29/1/23,IBIZA,CARTAGENA,2,2,14,7,6,3,0.42,0.58,295.0,436.0,0.69,0.77,15,14,2,3,0,0,3,0,12.0,5.0
22-23-274,30/1/23,ZARAGOZA,PONFERRADINA,0,0,9,9,2,1,0.49,0.51,451.0,464.0,0.76,0.71,10,8,2,1,0,0,4,1,5.0,2.0
22-23-275,3/2/23,MALAGA,OVIEDO,0,1,6,13,2,4,0.59,0.41,339.0,202.0,0.69,0.64,11,11,3,2,1,0,0,3,6.0,5.0
22-23-276,4/2/23,LEGANES,GIJON,1,0,7,11,3,3,0.36,0.64,263.0,455.0,0.69,0.85,17,16,6,3,1,2,1,2,3.0,5.0
22-23-277,4/2/23,HUESCA,MIRANDES,1,0,7,9,2,3,0.4,0.6,275.0,417.0,0.69,0.76,15,10,1,2,0,0,3,3,7.0,3.0
22-23-278,4/2/23,TENERIFE,ALBACETE,1,0,9,9,1,3,0.35,0.65,264.0,485.0,0.65,0.82,15,15,6,3,0,0,3,1,6.0,11.0
22-23-279,4/2/23,ALAVES,EIBAR,2,0,17,12,4,2,0.52,0.48,377.0,366.0,0.7,0.72,14,15,4,4,0,1,4,2,7.0,3.0
22-23-280,5/2/23,VILLARREALB,GRANADA,0,2,19,7,5,4,0.59,0.41,521.0,361.0,0.81,0.69,14,15,2,1,0,0,3,0,8.0,1.0
22-23-281,5/2/23,ANDORRA,ZARAGOZA,0,1,18,10,2,3,0.74,0.26,611.0,206.0,0.88,0.66,9,7,1,1,0,0,1,2,10.0,9.0
22-23-282,5/2/23,CARTAGENA,LEVANTE,1,2,14,11,2,3,0.59,0.41,419.0,311.0,0.84,0.78,15,19,3,5,0,0,3,1,4.0,1.0
22-23-283,5/2/23,PONFERRADINA,SANTANDER,1,1,11,16,3,5,0.47,0.53,397.0,447.0,0.79,0.79,15,12,2,2,1,0,1,2,3.0,5.0
22-23-284,5/2/23,LUGO,IBIZA,0,0,16,7,5,1,0.63,0.37,417.0,245.0,0.8,0.64,15,18,2,2,0,0,5,2,6.0,6.0
22-23-285,6/2/23,BURGOS,PALMAS,0,0,5,12,2,3,0.36,0.64,214.0,481.0,0.68,0.72,20,14,4,3,0,0,4,3,2.0,0.0
22-23-286,10/2/23,GRANADA,TENERIFE,2,0,7,9,3,3,0.52,0.48,374.0,306.0,0.76,0.74,10,14,2,3,0,0,0,7,2.0,7.0
22-23-287,11/2/23,ZARAGOZA,ALAVES,1,4,15,10,7,6,0.62,0.38,421.0,266.0,0.77,0.64,17,13,3,3,0,0,0,5,5.0,5.0
22-23-288,11/2/23,MIRANDES,VILLARREALB,2,1,23,11,12,3,0.47,0.53,426.0,479.0,0.78,0.81,6,6,1,2,0,0,0,4,9.0,1.0
22-23-289,11/2/23,LEVANTE,ANDORRA,1,0,9,12,1,2,0.28,0.72,240.0,655.0,0.72,0.88,21,9,2,1,0,0,6,2,5.0,2.0
22-23-290,11/2/23,PALMAS,LUGO,3,0,23,5,9,1,0.72,0.28,629.0,246.0,0.84,0.67,8,5,2,2,0,0,1,2,9.0,2.0
22-23-291,12/2/23,ALBACETE,MALAGA,3,2,18,6,6,4,0.64,0.36,388.0,157.0,0.82,0.77,17,13,1,3,0,1,5,1,5.0,5.0
22-23-292,12/2/23,OVIEDO,BURGOS,0,1,7,10,1,2,0.47,0.53,347.0,392.0,0.69,0.73,13,11,3,0,1,0,3,1,3.0,4.0
22-23-293,12/2/23,EIBAR,CARTAGENA,0,3,16,11,1,4,0.65,0.35,606.0,333.0,0.86,0.71,8,13,3,2,0,0,3,0,5.0,3.0
22-23-294,12/2/23,GIJON,HUESCA,1,1,16,3,4,1,0.75,0.25,577.0,204.0,0.83,0.55,8,15,0,3,0,1,4,1,9.0,0.0
22-23-295,12/2/23,IBIZA,PONFERRADINA,1,1,13,13,5,4,0.31,0.69,246.0,574.0,0.69,0.81,13,7,3,4,0,0,2,2,7.0,6.0
22-23-296,13/2/23,SANTANDER,LEGANES,2,1,11,12,3,5,0.45,0.55,350.0,432.0,0.76,0.83,13,12,2,5,0,1,0,2,7.0,3.0
22-23-297,17/2/23,CARTAGENA,OVIEDO,2,1,16,5,8,2,0.6,0.4,494.0,318.0,0.82,0.69,22,21,2,2,0,0,1,3,3.0,3.0
22-23-298,18/2/23,LUGO,EIBAR,0,2,8,16,1,5,0.54,0.46,364.0,338.0,0.76,0.74,7,11,3,2,0,1,4,0,9.0,6.0
22-23-299,18/2/23,PONFERRADINA,LEVANTE,0,0,11,8,2,2,0.41,0.59,333.0,461.0,0.75,0.83,10,12,5,4,1,0,3,1,3.0,5.0
22-23-300,18/2/23,LEGANES,PALMAS,0,0,6,10,3,2,0.25,0.75,212.0,633.0,0.63,0.87,10,13,1,4,1,0,2,4,2.0,4.0
22-23-301,18/2/23,TENERIFE,MIRANDES,1,0,14,7,1,3,0.46,0.54,365.0,441.0,0.75,0.8,20,7,4,2,0,0,1,1,6.0,4.0
22-23-302,19/2/23,HUESCA,GRANADA,1,1,8,9,4,2,0.36,0.64,251.0,446.0,0.56,0.74,13,15,3,3,0,0,5,4,4.0,4.0
22-23-303,19/2/23,ANDORRA,GIJON,1,0,12,12,3,2,0.65,0.35,482.0,257.0,0.87,0.79,5,12,0,4,0,0,2,5,7.0,3.0
22-23-304,19/2/23,ALAVES,IBIZA,4,2,13,7,7,3,0.43,0.57,273.0,361.0,0.69,0.74,10,19,2,3,0,2,1,0,3.0,2.0
22-23-305,19/2/23,BURGOS,ALBACETE,1,1,9,9,2,3,0.53,0.47,432.0,390.0,0.65,0.65,10,14,2,3,0,0,2,1,4.0,1.0
22-23-306,19/2/23,VILLARREALB,SANTANDER,2,1,14,4,3,1,0.6,0.4,544.0,363.0,0.87,0.76,12,16,0,3,0,0,1,0,2.0,0.0
22-23-307,20/2/23,MALAGA,ZARAGOZA,3,0,10,11,5,4,0.44,0.56,220.0,332.0,0.67,0.82,3,15,0,2,0,0,3,3,5.0,1.0
22-23-308,24/2/23,EIBAR,VILLARREALB,2,0,13,7,5,3,0.46,0.54,410.0,481.0,0.76,0.76,11,10,4,1,0,0,2,0,4.0,5.0
22-23-309,25/2/23,ALAVES,CARTAGENA,0,0,14,6,4,1,0.53,0.47,389.0,355.0,0.78,0.78,14,15,2,2,0,0,2,3,7.0,2.0
22-23-310,25/2/23,SANTANDER,ANDORRA,2,1,8,24,4,7,0.26,0.74,261.0,726.0,0.67,0.92,10,10,1,1,1,0,3,1,3.0,7.0
22-23-311,25/2/23,GIJON,TENERIFE,1,0,10,13,2,1,0.46,0.54,473.0,544.0,0.82,0.84,8,10,3,2,0,0,2,1,7.0,4.0
22-23-312,25/2/23,MIRANDES,LEGANES,0,0,4,10,2,5,0.44,0.56,394.0,488.0,0.81,0.85,14,13,2,1,0,0,4,1,3.0,6.0
22-23-313,26/2/23,IBIZA,HUESCA,2,2,19,8,5,4,0.66,0.34,481.0,253.0,0.78,0.59,8,14,2,2,0,0,2,4,7.0,6.0
22-23-314,26/2/23,LEVANTE,LUGO,3,1,17,8,6,4,0.71,0.29,528.0,216.0,0.82,0.6,18,10,1,0,0,0,0,1,17.0,3.0
22-23-315,26/2/23,ZARAGOZA,BURGOS,0,0,15,13,5,2,0.53,0.47,396.0,380.0,0.72,0.7,9,9,3,1,0,0,2,1,6.0,2.0
22-23-316,26/2/23,PALMAS,PONFERRADINA,2,0,21,1,6,1,0.78,0.22,677.0,194.0,0.9,0.59,9,16,1,3,0,1,1,2,8.0,2.0
22-23-317,26/2/23,OVIEDO,ALBACETE,1,1,11,9,3,3,0.39,0.61,285.0,473.0,0.64,0.77,10,16,3,3,0,0,3,3,5.0,3.0
22-23-318,27/2/23,GRANADA,MALAGA,1,0,8,6,3,2,0.61,0.39,401.0,375.0,0.83,0.77,8,6,4,1,0,0,3,2,0.0,1.0
22-23-319,3/3/23,ANDORRA,PALMAS,0,0,4,16,1,3,0.25,0.75,234.0,669.0,0.69,0.9,12,15,3,3,1,0,0,2,2.0,9.0
22-23-320,4/3/23,BURGOS,GRANADA,1,3,8,6,4,5,0.52,0.48,269.0,253.0,0.75,0.75,18,13,2,3,1,0,1,1,8.0,2.0
22-23-321,4/3/23,HUESCA,LEVANTE,3,0,7,21,4,7,0.25,0.75,186.0,545.0,0.61,0.83,12,12,2,4,0,0,4,2,3.0,7.0
22-23-322,4/3/23,TENERIFE,EIBAR,0,1,14,2,7,2,0.56,0.44,479.0,390.0,0.84,0.8,11,11,2,2,0,0,3,2,9.0,1.0
22-23-323,4/3/23,MIRANDES,OVIEDO,1,0,11,7,2,3,0.61,0.39,540.0,340.0,0.78,0.68,14,12,1,4,0,0,2,1,2.0,2.0
22-23-324,5/3/23,LEGANES,IBIZA,0,1,15,10,6,5,0.7,0.3,575.0,238.0,0.81,0.62,8,20,1,5,0,0,4,1,4.0,4.0
22-23-325,5/3/23,ALBACETE,GIJON,2,1,14,13,9,3,0.35,0.65,310.0,453.0,0.76,0.74,16,11,2,2,0,0,10,1,6.0,3.0
22-23-326,5/3/23,MALAGA,SANTANDER,0,1,20,14,3,7,0.44,0.56,362.0,465.0,0.74,0.75,14,14,1,3,1,0,3,1,5.0,6.0
22-23-327,5/3/23,LUGO,ZARAGOZA,0,0,8,8,4,1,0.44,0.56,350.0,456.0,0.7,0.75,13,10,2,1,0,0,3,1,4.0,2.0
22-23-328,5/3/23,PONFERRADINA,CARTAGENA,0,3,13,6,4,3,0.55,0.45,442.0,375.0,0.82,0.8,14,15,1,2,0,0,0,4,6.0,4.0
22-23-329,6/3/23,VILLARREALB,ALAVES,1,0,10,10,4,2,0.52,0.48,417.0,379.0,0.8,0.78,11,17,2,4,0,0,2,2,3.0,8.0
22-23-330,10/3/23,OVIEDO,TENERIFE,0,0,9,7,3,0,0.46,0.54,207.0,262.0,0.78,0.79,13,11,3,4,0,0,1,2,8.0,3.0
22-23-331,11/3/23,EIBAR,BURGOS,1,0,13,9,7,2,0.58,0.42,548.0,410.0,0.81,0.76,7,7,2,2,0,0,1,3,10.0,2.0
22-23-332,11/3/23,ALAVES,LUGO,0,0,18,9,6,3,0.62,0.38,411.0,264.0,0.79,0.67,13,16,3,3,0,1,5,0,6.0,5.0
22-23-333,11/3/23,IBIZA,VILLARREALB,0,0,6,13,1,5,0.35,0.65,264.0,505.0,0.67,0.83,20,12,3,1,1,0,1,2,4.0,8.0
22-23-334,11/3/23,PALMAS,MALAGA,2,2,14,10,6,6,0.69,0.31,660.0,298.0,0.86,0.75,14,18,3,1,0,0,1,6,4.0,2.0
22-23-335,12/3/23,ZARAGOZA,LEGANES,3,0,9,10,6,2,0.39,0.61,268.0,423.0,0.77,0.86,18,12,3,1,0,0,0,0,6.0,4.0
22-23-336,12/3/23,GIJON,MIRANDES,3,4,13,13,5,7,0.68,0.32,520.0,260.0,0.85,0.69,18,13,2,0,0,0,1,4,5.0,5.0
22-23-337,12/3/23,LEVANTE,ALBACETE,0,0,25,11,5,3,0.65,0.35,455.0,250.0,0.85,0.64,16,13,1,3,0,0,2,2,5.0,5.0
22-23-338,12/3/23,CARTAGENA,ANDORRA,0,3,20,13,7,6,0.37,0.63,311.0,570.0,0.8,0.88,10,10,2,3,0,0,3,0,6.0,5.0
22-23-339,12/3/23,GRANADA,PONFERRADINA,2,2,23,10,10,6,0.52,0.48,452.0,432.0,0.78,0.82,9,13,2,4,0,0,1,0,9.0,2.0
22-23-340,13/3/23,SANTANDER,HUESCA,1,1,8,11,2,3,0.66,0.34,586.0,305.0,0.87,0.78,11,14,0,2,0,0,0,5,1.0,1.0
22-23-341,17/3/23,MALAGA,LEVANTE,0,0,8,11,1,2,0.44,0.56,320.0,412.0,0.76,0.8,20,17,2,5,1,1,3,4,6.0,7.0
22-23-342,18/3/23,ANDORRA,IBIZA,2,2,23,7,8,3,0.85,0.15,803.0,145.0,0.93,0.6,11,6,3,5,0,0,3,2,10.0,3.0
22-23-343,18/3/23,ALBACETE,GRANADA,1,2,10,10,5,4,0.48,0.52,392.0,432.0,0.73,0.74,13,14,3,6,0,0,3,1,5.0,2.0
22-23-344,18/3/23,LEGANES,OVIEDO,0,1,9,6,3,1,0.57,0.43,501.0,384.0,0.81,0.72,13,15,3,2,0,0,0,2,4.0,9.0
22-23-345,18/3/23,TENERIFE,PALMAS,4,1,12,6,6,2,0.37,0.63,297.0,507.0,0.71,0.82,26,6,4,4,0,0,5,2,4.0,4.0
22-23-346,18/3/23,PONFERRADINA,ALAVES,1,0,12,21,5,7,0.53,0.47,368.0,313.0,0.76,0.76,13,17,1,4,0,0,2,2,7.0,10.0
22-23-347,19/3/23,BURGOS,GIJON,0,0,10,10,4,2,0.51,0.49,254.0,240.0,0.76,0.8,15,8,5,3,0,0,1,3,8.0,10.0
22-23-348,19/3/23,HUESCA,ZARAGOZA,1,1,18,4,7,1,0.41,0.59,314.0,467.0,0.79,0.83,5,8,0,2,1,1,3,2,7.0,4.0
22-23-349,19/3/23,VILLARREALB,CARTAGENA,5,2,21,12,9,2,0.54,0.46,436.0,372.0,0.83,0.79,14,9,2,2,0,2,1,3,8.0,5.0
22-23-350,19/3/23,LUGO,SANTANDER,1,1,12,23,4,5,0.3,0.7,223.0,456.0,0.56,0.76,17,10,4,4,0,0,2,0,2.0,13.0
22-23-351,20/3/23,MIRANDES,EIBAR,2,3,10,12,5,5,0.44,0.56,398.0,513.0,0.75,0.81,12,13,2,1,0,0,1,1,2.0,5.0
22-23-352,24/3/23,CARTAGENA,LUGO,2,0,15,7,7,2,0.71,0.29,608.0,241.0,0.87,0.68,10,18,3,2,0,0,2,1,3.0,4.0
22-23-353,25/3/23,IBIZA,BURGOS,2,0,14,13,6,4,0.51,0.49,438.0,427.0,0.84,0.82,9,16,4,3,0,0,5,1,4.0,3.0
22-23-354,25/3/23,SANTANDER,LEVANTE,0,1,12,10,6,2,0.53,0.47,432.0,390.0,0.78,0.84,18,25,3,2,0,0,2,3,2.0,4.0
22-23-355,25/3/23,ALAVES,TENERIFE,1,0,10,5,4,0,0.48,0.52,338.0,361.0,0.74,0.74,8,11,4,3,0,1,2,2,5.0,5.0
22-23-356,26/3/23,EIBAR,ANDORRA,0,0,11,8,1,2,0.44,0.56,419.0,543.0,0.79,0.83,16,11,4,0,0,1,5,0,3.0,1.0
22-23-357,26/3/23,PONFERRADINA,MIRANDES,0,0,7,7,1,1,0.58,0.42,467.0,339.0,0.81,0.72,16,16,4,1,0,1,2,0,3.0,6.0
22-23-358,26/3/23,ZARAGOZA,ALBACETE,1,1,10,12,3,3,0.55,0.45,467.0,390.0,0.8,0.78,15,8,1,1,0,0,0,4,5.0,9.0
22-23-359,26/3/23,GRANADA,OVIEDO,1,0,7,5,5,1,0.62,0.38,568.0,360.0,0.85,0.78,11,12,2,2,0,0,0,2,7.0,0.0
22-23-360,26/3/23,VILLARREALB,HUESCA,0,0,15,7,6,0,0.63,0.37,588.0,339.0,0.86,0.77,11,8,1,2,0,0,2,0,2.0,2.0
22-23-361,26/3/23,PALMAS,GIJON,1,1,20,6,7,2,0.8,0.2,825.0,200.0,0.88,0.57,4,12,3,2,0,1,3,1,3.0,1.0
22-23-362,27/3/23,MALAGA,LEGANES,2,0,11,4,4,0,0.53,0.47,410.0,372.0,0.82,0.76,15,12,2,4,0,0,1,1,6.0,5.0
22-23-363,31/3/23,LEVANTE,ZARAGOZA,1,1,11,15,3,4,0.5,0.5,353.0,360.0,0.74,0.74,15,12,2,3,1,0,1,1,4.0,2.0
22-23-364,1/4/23,BURGOS,SANTANDER,2,1,11,15,3,4,0.49,0.51,424.0,428.0,0.83,0.84,15,12,2,3,1,0,1,1,4.0,2.0
22-23-365,1/4/23,LEGANES,CARTAGENA,1,3,9,6,1,3,0.39,0.61,321.0,496.0,0.73,0.82,14,16,2,5,0,0,0,2,2.0,2.0
22-23-366,1/4/23,TENERIFE,VILLARREALB,1,1,18,7,7,4,0.64,0.36,534.0,314.0,0.87,0.73,23,9,0,1,1,2,2,0,7.0,1.0
22-23-367,1/4/23,OVIEDO,EIBAR,1,1,12,12,1,3,0.45,0.55,366.0,460.0,0.77,0.79,11,6,3,3,0,0,2,1,10.0,2.0
22-23-368,2/4/23,HUESCA,ALAVES,0,1,9,5,1,2,0.45,0.55,329.0,398.0,0.7,0.75,9,19,1,3,0,0,1,1,5.0,5.0
22-23-369,2/4/23,LUGO,PONFERRADINA,0,0,12,13,5,3,0.47,0.53,325.0,374.0,0.74,0.78,16,14,3,4,0,0,0,1,2.0,6.0
22-23-370,2/4/23,ANDORRA,MALAGA,1,0,14,5,3,0,0.72,0.28,667.0,248.0,0.88,0.65,9,20,1,2,0,0,4,4,6.0,3.0
22-23-371,2/4/23,GIJON,GRANADA,1,0,8,13,3,2,0.34,0.66,308.0,588.0,0.7,0.83,10,8,4,1,0,0,3,2,9.0,3.0
22-23-372,2/4/23,MIRANDES,IBIZA,2,2,24,10,9,4,0.64,0.36,595.0,351.0,0.83,0.7,5,16,0,3,0,0,3,1,7.0,2.0
22-23-373,3/4/23,ALBACETE,PALMAS,1,2,20,12,5,4,0.33,0.67,296.0,595.0,0.71,0.83,22,11,3,6,0,0,2,3,1.0,7.0
22-23-374,7/4/23,LUGO,TENERIFE,0,0,9,16,2,6,0.37,0.63,295.0,523.0,0.65,0.8,12,12,1,3,0,0,0,2,6.0,3.0
22-23-375,7/4/23,VILLARREALB,MALAGA,1,2,13,9,3,4,0.55,0.45,519.0,429.0,0.86,0.84,11,10,2,3,0,0,3,0,2.0,6.0
22-23-376,8/4/23,ZARAGOZA,GRANADA,1,0,12,10,5,2,0.36,0.64,327.0,565.0,0.8,0.87,11,11,1,1,0,0,3,1,4.0,4.0
22-23-377,8/4/23,IBIZA,GIJON,1,3,13,9,6,6,0.61,0.39,441.0,277.0,0.66,0.55,9,14,4,1,0,1,0,0,9.0,3.0
22-23-378,8/4/23,SANTANDER,ALBACETE,4,1,19,16,10,4,0.36,0.64,327.0,565.0,0.8,0.87,21,16,3,4,0,0,1,0,3.0,6.0
22-23-379,9/4/23,HUESCA,BURGOS,2,1,20,12,9,5,0.47,0.53,293.0,348.0,0.73,0.76,9,17,5,3,0,0,1,1,4.0,3.0
22-23-380,9/4/23,EIBAR,LEVANTE,1,1,12,5,1,0,0.49,0.51,399.0,425.0,0.77,0.77,13,9,2,2,0,0,4,0,2.0,4.0
22-23-381,9/4/23,CARTAGENA,MIRANDES,1,0,10,9,2,4,0.57,0.43,486.0,366.0,0.83,0.76,14,13,3,2,0,0,2,3,2.0,6.0
22-23-382,9/4/23,PONFERRADINA,LEGANES,0,1,13,12,4,6,0.64,0.36,484.0,282.0,0.75,0.59,7,9,1,2,0,0,1,3,10.0,3.0
22-23-383,9/4/23,PALMAS,OVIEDO,0,1,17,8,4,3,0.77,0.23,766.0,227.0,0.9,0.59,6,12,0,2,0,0,3,1,4.0,4.0
22-23-384,10/4/23,ALAVES,ANDORRA,0,0,8,9,3,3,0.27,0.73,253.0,698.0,0.77,0.91,23,10,3,2,0,0,6,3,6.0,2.0
22-23-385,14/4/23,ALBACETE,EIBAR,3,1,16,11,8,1,0.37,0.63,269.0,452.0,0.65,0.76,11,14,2,6,0,0,1,0,4.0,6.0
22-23-386,15/4/23,GRANADA,PALMAS,2,1,11,10,3,3,0.37,0.63,269.0,456.0,0.73,0.83,18,16,2,3,0,1,5,4,3.0,7.0
22-23-387,15/4/23,ZARAGOZA,SANTANDER,4,1,27,7,11,3,0.66,0.34,490.0,291.0,0.8,0.61,20,4,3,0,0,2,0,2,7.0,1.0
22-23-388,15/4/23,OVIEDO,LUGO,2,1,13,9,4,1,0.54,0.46,402.0,348.0,0.8,0.73,11,14,1,3,0,1,2,0,5.0,7.0
22-23-389,15/4/23,BURGOS,PONFERRADINA,2,2,9,17,5,3,0.59,0.41,432.0,308.0,0.81,0.73,13,12,2,2,0,0,0,1,5.0,4.0
22-23-390,16/4/23,ANDORRA,HUESCA,1,0,12,6,9,2,0.75,0.25,653.0,215.0,0.88,0.66,5,17,1,3,0,1,3,1,3.0,3.0
22-23-391,16/4/23,GIJON,ALAVES,0,0,5,7,0,2,0.51,0.49,401.0,390.0,0.8,0.77,14,17,1,3,0,0,4,3,4.0,5.0
22-23-392,16/4/23,MALAGA,CARTAGENA,1,0,8,13,3,2,0.43,0.57,342.0,440.0,0.7,0.78,16,12,4,3,1,0,3,4,3.0,4.0
22-23-393,16/4/23,TENERIFE,IBIZA,4,0,16,4,8,1,0.56,0.44,492.0,398.0,0.83,0.8,10,5,0,2,0,0,5,2,4.0,2.0
22-23-394,16/4/23,LEGANES,VILLARREALB,1,0,15,7,3,2,0.46,0.54,437.0,517.0,0.8,0.82,10,13,0,1,0,0,1,0,4.0,4.0
22-23-395,17/4/23,LEVANTE,MIRANDES,1,2,21,3,7,3,0.64,0.36,560.0,325.0,0.82,0.7,15,11,1,4,0,0,1,2,9.0,1.0
22-23-396,21/4/23,EIBAR,ZARAGOZA,1,1,17,16,7,2,0.64,0.36,508.0,288.0,0.8,0.66,9,10,4,3,1,0,5,0,9.0,9.0
22-23-397,22/4/23,VILLARREALB,ALBACETE,1,2,14,22,5,8,0.46,0.54,418.0,483.0,0.81,0.85,10,13,2,1,0,0,3,0,4.0,2.0
22-23-398,22/4/23,CARTAGENA,GIJON,2,1,11,6,4,2,0.67,0.33,487.0,285.0,0.79,0.62,13,15,1,4,0,1,4,2,4.0,5.0
22-23-399,22/4/23,PONFERRADINA,ANDORRA,1,4,7,15,2,7,0.26,0.74,241.0,696.0,0.72,0.9,24,10,7,0,1,0,0,2,1.0,3.0
22-23-400,22/4/23,PALMAS,LEVANTE,0,0,8,9,3,1,0.61,0.39,511.0,332.0,0.82,0.74,14,11,4,3,0,0,2,1,6.0,3.0
22-23-401,22/4/23,IBIZA,OVIEDO,1,2,11,3,4,2,0.5,0.5,430.0,445.0,0.71,0.7,16,11,5,3,0,0,2,2,3.0,4.0
22-23-402,23/4/23,LUGO,MALAGA,0,2,12,9,1,4,0.49,0.51,382.0,401.0,0.78,0.74,11,8,3,1,0,0,3,1,4.0,7.0
22-23-403,23/4/23,MIRANDES,BURGOS,2,1,8,6,4,1,0.61,0.39,526.0,322.0,0.8,0.71,10,22,4,3,0,0,2,3,2.0,1.0
22-23-404,23/4/23,SANTANDER,GRANADA,1,0,10,5,1,1,0.41,0.59,310.0,430.0,0.67,0.79,10,16,1,2,0,0,7,0,8.0,4.0
22-23-405,23/4/23,ALAVES,LEGANES,2,1,14,4,3,1,0.54,0.46,444.0,402.0,0.79,0.77,8,12,3,4,0,0,1,2,6.0,0.0
22-23-406,24/4/23,HUESCA,TENERIFE,1,1,6,14,2,7,0.39,0.61,280.0,432.0,0.68,0.8,7,17,4,2,0,0,1,2,3.0,7.0
22-23-407,28/4/23,SANTANDER,IBIZA,1,0,10,4,5,1,0.54,0.46,462.0,380.0,0.8,0.77,14,18,3,4,0,0,1,1,6.0,3.0
22-23-408,29/4/23,LEVANTE,ALAVES,2,0,14,7,7,0,0.47,0.53,326.0,354.0,0.78,0.79,20,13,6,2,0,0,2,4,11.0,8.0
22-23-409,29/4/23,ALBACETE,CARTAGENA,1,1,10,9,4,2,0.35,0.65,271.0,469.0,0.69,0.83,15,15,2,5,1,0,2,1,2.0,7.0
22-23-410,29/4/23,TENERIFE,LEGANES,1,0,13,12,2,2,0.48,0.52,385.0,410.0,0.77,0.8,16,12,2,1,0,0,1,1,6.0,2.0
22-23-411,30/4/23,ANDORRA,MIRANDES,0,1,10,11,2,4,0.7,0.3,621.0,271.0,0.91,0.73,10,19,2,3,0,0,1,1,6.0,4.0
22-23-412,30/4/23,OVIEDO,PONFERRADINA,3,2,14,5,6,3,0.55,0.45,424.0,357.0,0.77,0.71,17,10,2,3,0,0,1,0,7.0,2.0
22-23-413,30/4/23,GRANADA,EIBAR,1,1,8,7,2,2,0.57,0.43,445.0,334.0,0.74,0.66,8,16,1,2,0,0,4,2,1.0,4.0
22-23-414,30/4/23,ZARAGOZA,PALMAS,1,1,14,16,6,7,0.26,0.74,223.0,645.0,0.69,0.84,13,6,4,1,1,0,4,1,4.0,6.0
22-23-415,1/5/23,GIJON,LUGO,3,1,14,4,6,1,0.44,0.56,303.0,407.0,0.62,0.77,15,12,0,0,0,0,0,2,7.0,6.0
22-23-416,1/5/23,MALAGA,HUESCA,0,0,13,7,2,2,0.64,0.36,462.0,288.0,0.78,0.61,10,15,3,2,0,0,7,3,4.0,1.0
22-23-417,1/5/23,BURGOS,VILLARREALB,1,0,13,13,5,6,0.33,0.67,273.0,545.0,0.78,0.86,13,9,1,2,0,0,1,7,8.0,7.0
22-23-418,5/5/23,ALAVES,GRANADA,1,1,16,7,5,2,0.52,0.48,299.0,291.0,0.71,0.71,15,18,3,5,1,1,3,0,6.0,5.0
22-23-419,6/5/23,MIRANDES,SANTANDER,1,1,15,10,5,2,0.58,0.42,461.0,335.0,0.83,0.67,12,12,2,2,0,0,0,2,13.0,1.0
22-23-420,6/5/23,LEGANES,HUESCA,2,1,23,6,9,2,0.54,0.46,325.0,291.0,0.77,0.72,8,19,4,7,0,0,3,3,8.0,3.0
22-23-421,6/5/23,TENERIFE,LEVANTE,1,0,17,11,8,3,0.51,0.49,427.0,411.0,0.8,0.78,10,11,2,1,0,0,2,2,4.0,1.0
22-23-422,7/5/23,VILLARREALB,GIJON,2,0,13,8,6,3,0.52,0.48,402.0,384.0,0.84,0.82,18,11,0,1,0,1,1,1,5.0,3.0
22-23-423,7/5/23,PONFERRADINA,MALAGA,2,0,13,15,3,4,0.43,0.57,299.0,371.0,0.7,0.77,16,9,4,3,0,0,0,2,6.0,7.0
22-23-424,7/5/23,IBIZA,ALBACETE,0,5,6,19,0,10,0.4,0.6,323.0,500.0,0.77,0.83,10,10,4,1,0,0,1,1,3.0,7.0
22-23-425,7/5/23,OVIEDO,ZARAGOZA,2,1,5,12,4,2,0.4,0.6,332.0,489.0,0.73,0.83,8,11,3,1,0,0,0,0,4.0,5.0
22-23-426,7/5/23,LUGO,ANDORRA,2,2,12,10,4,4,0.27,0.73,238.0,670.0,0.8,0.92,14,12,4,3,1,1,2,3,5.0,3.0
22-23-427,7/5/23,CARTAGENA,BURGOS,0,0,9,16,3,2,0.41,0.59,341.0,487.0,0.74,0.82,8,19,0,3,1,0,2,4,3.0,2.0
22-23-428,8/5/23,EIBAR,PALMAS,0,1,18,8,3,3,0.44,0.56,385.0,521.0,0.76,0.8,23,12,3,4,0,0,2,2,7.0,1.0
22-23-429,12/5/23,BURGOS,LEGANES,0,3,11,14,1,7,0.65,0.35,465.0,264.0,0.76,0.63,10,6,5,2,0,0,2,0,5.0,4.0
22-23-430,13/5/23,GIJON,OVIEDO,1,1,13,10,6,3,0.56,0.44,410.0,328.0,0.76,0.78,11,10,3,2,0,0,1,1,7.0,1.0
22-23-431,13/5/23,GRANADA,LUGO,2,0,17,7,9,0,0.53,0.47,449.0,385.0,0.85,0.8,16,11,3,0,0,0,3,2,5.0,5.0
22-23-432,13/5/23,ZARAGOZA,CARTAGENA,2,0,9,10,1,1,0.4,0.6,300.0,449.0,0.74,0.81,13,15,1,0,0,0,4,4,5.0,6.0
22-23-433,13/5/23,MALAGA,MIRANDES,2,0,13,7,3,2,0.43,0.57,451.0,593.0,0.79,0.84,14,13,1,2,0,0,0,0,5.0,0.0
22-23-434,14/5/23,SANTANDER,EIBAR,1,0,6,19,3,3,0.34,0.66,284.0,521.0,0.63,0.83,14,15,1,1,0,0,0,1,1.0,7.0
22-23-435,14/5/23,ANDORRA,TENERIFE,1,0,12,7,4,1,0.71,0.29,643.0,265.0,0.92,0.79,11,20,1,6,0,0,2,2,4.0,4.0
22-23-436,14/5/23,ALBACETE,ALAVES,1,1,11,13,4,4,0.43,0.57,294.0,371.0,0.71,0.74,16,9,4,6,0,0,0,2,4.0,8.0
22-23-437,14/5/23,HUESCA,PONFERRADINA,1,1,13,7,4,3,0.45,0.55,323.0,391.0,0.72,0.77,12,11,2,0,0,0,3,4,7.0,2.0
22-23-438,14/5/23,PALMAS,VILLARREALB,1,1,14,16,2,8,0.6,0.4,575.0,379.0,0.82,0.74,12,10,2,1,0,0,2,3,2.0,6.0
22-23-439,15/5/23,LEVANTE,IBIZA,0,0,20,3,4,1,0.81,0.19,715.0,171.0,0.87,0.36,6,9,0,7,0,0,4,3,10.0,2.0
22-23-440,20/5/23,IBIZA,ZARAGOZA,1,0,4,13,2,4,0.25,0.75,219.0,665.0,0.68,0.9,9,8,1,2,0,0,2,4,4.0,9.0
22-23-441,20/5/23,LUGO,HUESCA,1,2,8,12,3,4,0.53,0.47,418.0,382.0,0.82,0.81,13,14,1,1,0,0,2,3,4.0,4.0
22-23-442,20/5/23,CARTAGENA,PALMAS,1,4,12,16,4,8,0.44,0.56,410.0,521.0,0.83,0.84,15,7,2,1,0,0,3,0,5.0,4.0
22-23-443,20/5/23,EIBAR,GIJON,2,2,17,8,6,3,0.71,0.29,550.0,241.0,0.83,0.58,8,12,3,1,0,1,1,1,13.0,0.0
22-23-444,20/5/23,PONFERRADINA,ALBACETE,1,1,7,14,1,7,0.52,0.48,429.0,405.0,0.76,0.77,15,16,3,2,0,0,2,1,7.0,5.0
22-23-445,20/5/23,MIRANDES,GRANADA,1,3,7,13,4,6,0.39,0.61,377.0,580.0,0.82,0.88,8,17,2,2,1,0,0,4,3.0,0.0
22-23-446,20/5/23,VILLARREALB,LEVANTE,2,3,8,20,4,4,0.48,0.52,424.0,453.0,0.82,0.83,14,14,3,2,1,0,0,0,4.0,7.0
22-23-447,20/5/23,ALAVES,MALAGA,2,1,15,15,4,5,0.45,0.55,332.0,395.0,0.73,0.8,23,15,3,3,0,0,0,2,6.0,3.0
22-23-448,20/5/23,TENERIFE,BURGOS,2,1,24,7,7,3,0.7,0.3,578.0,260.0,0.88,0.71,16,4,5,1,0,0,1,0,12.0,3.0
22-23-449,21/5/23,OVIEDO,SANTANDER,1,0,12,16,4,6,0.37,0.63,287.0,499.0,0.64,0.8,9,6,0,2,0,0,1,2,4.0,3.0
22-23-450,21/5/23,LEGANES,ANDORRA,1,1,13,15,5,7,0.31,0.69,276.0,605.0,0.75,0.86,15,18,1,0,0,0,4,3,2.0,6.0
22-23-451,26/5/23,ZARAGOZA,TENERIFE,1,1,13,8,5,2,0.49,0.51,458.0,490.0,0.85,0.87,7,10,1,4,0,0,4,2,6.0,4.0
22-23-452,27/5/23,BURGOS,LUGO,0,1,13,11,3,4,0.55,0.45,337.0,248.0,0.76,0.62,9,11,4,4,0,0,3,0,6.0,5.0
22-23-453,27/5/23,ANDORRA,VILLARREALB,4,3,15,10,5,4,0.69,0.31,658.0,304.0,0.91,0.78,17,15,2,5,0,0,0,2,4.0,2.0
22-23-454,27/5/23,ALBACETE,MIRANDES,2,1,13,14,5,4,0.54,0.46,435.0,376.0,0.79,0.75,13,17,1,3,0,0,5,2,3.0,4.0
22-23-455,27/5/23,MALAGA,IBIZA,1,1,9,7,2,3,0.58,0.42,432.0,284.0,0.8,0.55,11,10,4,2,0,0,3,3,6.0,2.0
22-23-456,27/5/23,GRANADA,LEGANES,2,0,13,6,4,1,0.46,0.54,406.0,472.0,0.8,0.84,16,11,0,2,0,0,1,5,2.0,2.0
22-23-457,27/5/23,HUESCA,EIBAR,0,1,17,15,1,1,0.38,0.62,309.0,514.0,0.75,0.84,9,12,0,3,0,1,4,2,8.0,6.0
22-23-458,27/5/23,LEVANTE,OVIEDO,2,1,23,6,11,1,0.71,0.29,553.0,241.0,0.84,0.62,13,13,4,1,0,0,2,5,5.0,3.0
22-23-459,27/5/23,PALMAS,ALAVES,0,0,11,6,1,2,0.63,0.37,502.0,281.0,0.78,0.64,5,29,1,5,0,0,0,3,2.0,4.0
22-23-460,28/5/23,GIJON,PONFERRADINA,1,4,20,6,4,5,0.59,0.41,493.0,346.0,0.89,0.8,12,12,1,1,0,0,3,4,4.0,1.0
22-23-461,28/5/23,SANTANDER,CARTAGENA,3,1,17,10,6,3,0.43,0.57,371.0,472.0,0.76,0.8,11,12,1,2,0,0,2,0,5.0,5.0
22-23-462,3/6/23,EIBAR,ALAVES,1,1,14,3,4,1,0.48,0.52,351.0,378.0,0.66,0.67,12,11,3,0,1,0,1,0,5.0,4.0
22-23-463,3/6/23,ALBACETE,LEVANTE,1,3,11,6,2,3,0.59,0.41,452.0,321.0,0.78,0.72,13,15,1,5,0,0,2,2,4.0,1.0
22-23-464,7/6/23,LEVANTE,ALBACETE,3,0,8,18,3,5,0.49,0.51,438.0,438.0,0.81,0.81,12,14,1,2,0,0,2,1,2.0,9.0
22-23-465,8/6/23,ALAVES,EIBAR,2,0,12,15,3,3,0.37,0.63,293.0,484.0,0.63,0.79,11,14,0,0,0,0,1,2,4.0,4.0
22-23-466,11/6/23,ALAVES,LEVANTE,0,0,8,11,2,4,0.55,0.45,385.0,326.0,0.76,0.73,21,17,3,1,0,0,1,4,5.0,2.0
22-23-467,17/6/23,LEVANTE,ALAVES,0,1,18,16,4,6,0.52,0.48,495.0,467.0,0.71,0.68,22,23,5,5,0,0,1,3,5.0,6.0
