Fecha,EquipoLocalID,EquipoVisitID,GolesLocal,GolesVisit,Tiros Local,Tiros Visit,Tiros a puerta Local,Tiros a puerta Visit,Posesion Local,Posesion Visit,Pases Local,Pases Visit,Precision de pases Local,Precision de pases Visit,Faltas Local,Faltas Visit,Tarjetas amarillas Local,Tarjetas amarillas Visit,Tarjetas rojas Local,Tarjetas rojas Visit,Fueras de juego Local,Fueras de juego Visit,Saques de esquina Local,Saques de esquina Visit
11/8/23,AMOREBIETA,LEVANTE,1,1,11,7,3,2,0.41,0.59,295,431,0.72,0.78,20,18,0,3,0,0,2,2,8,2
11/8/23,VALLADOLID,GIJON,2,0,17,9,6,3,0.47,0.53,376,426,0.84,0.82,12,15,5,5,0,0,5,0,8,2
12/8/23,SANTANDER,EIBAR,4,0,11,15,8,3,0.38,0.62,352,557,0.73,0.84,10,14,2,3,0,0,2,1,4,6
12/8/23,ZARAGOZA,VILLARREALB,2,0,16,11,7,2,0.54,0.46,491,434,0.85,0.84,9,8,2,4,0,0,3,1,4,0
12/8/23,ELCHE,FERROL,0,1,14,10,1,2,0.56,0.44,467,379,0.83,0.76,13,15,0,2,0,0,3,0,4,4
13/8/23,BURGOS,HUESCA,1,1,19,5,5,2,0.49,0.51,354,367,0.78,0.8,5,14,2,4,0,0,2,1,6,5
13/8/23,ALBACETE,ESPANYOL,1,1,17,8,6,3,0.56,0.44,357,294,0.77,0.71,14,19,3,3,0,0,1,1,7,4
13/8/23,CARTAGENA,ELDENSE,0,1,12,8,2,2,0.56,0.44,434,351,0.82,0.8,9,18,1,1,0,0,1,2,6,6
13/8/23,LEGANES,ANDORRA,0,1,12,14,4,4,0.32,0.68,283,611,0.76,0.87,25,12,5,1,0,0,3,1,2,2
14/8/23,MIRANDES,ALCORCON,4,0,17,18,6,6,0.38,0.62,350,551,0.73,0.8,14,6,1,1,0,0,0,6,2,5
14/8/23,TENERIFE,OVIEDO,1,0,10,7,3,0,0.54,0.46,368,315,0.72,0.64,17,7,6,0,0,0,3,3,6,4
18/8/23,ANDORRA,CARTAGENA,3,2,17,5,5,3,0.73,0.27,646,235,0.9,0.72,14,11,2,4,0,0,1,4,6,0
18/8/23,ZARAGOZA,VALLADOLID,1,0,12,11,5,5,0.42,0.58,317,430,0.76,0.86,10,14,3,2,0,0,7,2,5,0
19/8/23,EIBAR,ELCHE,2,1,11,13,5,3,0.48,0.52,391,406,0.76,0.78,13,8,1,2,0,0,5,2,6,4
19/8/23,ESPANYOL,SANTANDER,2,0,21,12,6,2,0.46,0.54,404,456,0.79,0.8,23,17,1,2,0,0,2,5,6,7
19/8/23,LEVANTE,BURGOS,3,2,18,15,11,7,0.51,0.49,399,394,0.8,0.8,19,7,4,3,0,0,1,2,4,4
19/8/23,ALCORCON,LEGANES,0,2,15,7,3,4,0.49,0.51,356,371,0.78,0.74,12,16,2,4,0,0,2,2,8,5
20/8/23,OVIEDO,FERROL,1,1,16,5,3,1,0.59,0.41,462,336,0.8,0.7,8,12,2,1,0,1,0,1,6,3
20/8/23,GIJON,MIRANDES,3,0,12,22,7,11,0.51,0.49,378,362,0.78,0.74,11,12,2,2,0,0,1,1,7,11
20/8/23,ALBACETE,AMOREBIETA,2,2,18,13,8,3,0.61,0.39,563,362,0.82,0.72,11,8,2,0,0,0,2,1,4,7
21/8/23,VILLARREALB,ELDENSE,3,1,13,12,6,3,0.44,0.56,420,516,0.8,0.82,17,17,2,1,0,0,1,3,2,5
21/8/23,HUESCA,TENERIFE,0,2,12,11,4,5,0.54,0.46,406,363,0.72,0.66,7,18,0,4,0,0,2,4,4,2
25/8/23,CARTAGENA,LEVANTE,0,1,9,13,3,5,0.56,0.44,465,377,0.83,0.79,14,15,4,6,0,0,1,1,2,12
26/8/23,BURGOS,OVIEDO,1,0,16,10,5,3,0.59,0.41,448,302,0.82,0.75,13,16,4,2,0,1,1,1,4,3
26/8/23,TENERIFE,ZARAGOZA,0,1,14,7,2,4,0.54,0.46,388,343,0.8,0.76,19,10,3,3,1,0,3,2,11,3
26/8/23,ELCHE,VILLARREALB,1,0,18,12,8,3,0.49,0.51,439,457,0.82,0.81,14,8,2,0,0,0,3,2,4,4
26/8/23,VALLADOLID,ALCORCON,0,2,28,12,2,5,0.73,0.27,574,228,0.85,0.62,10,20,1,4,0,0,4,3,10,3
27/8/23,FERROL,GIJON,2,0,7,4,3,1,0.45,0.55,362,438,0.80,0.82,12,16,0,2,0,0,3,8,2,0
27/8/23,MIRANDES,ESPANYOL,0,1,5,17,1,4,0.52,0.48,429,402,0.81,0.8,12,13,4,2,0,0,2,2,4,7
27/8/23,AMOREBIETA,ANDORRA,3,0,9,15,4,5,0.24,0.76,217,693,0.67,0.88,14,8,2,1,0,0,1,2,3,7
27/8/23,LEGANES,ALBACETE,2,0,11,12,2,3,0.33,0.67,301,606,0.65,0.82,9,15,3,2,0,0,0,1,2,5
28/8/23,ELDENSE,EIBAR,2,1,7,12,4,2,0.39,0.61,320,477,0.68,0.8,8,11,1,4,0,0,1,3,6,4
28/8/23,SANTANDER,HUESCA,0,0,10,14,0,0,0.62,0.38,303,242,0.73,0.59,16,16,5,5,0,0,1,4,12,6
1/9/23,ALCORCON,FERROL,1,1,12,7,3,2,0.45,0.55,389,481,0.73,0.78,11,9,3,1,0,0,3,0,3,1
1/9/23,ALBACETE,VALLADOLID,2,0,11,7,3,1,0.44,0.56,360,448,0.72,0.76,19,12,1,5,0,0,0,0,5,4
2/9/23,GIJON,BURGOS,2,1,17,5,2,2,0.56,0.44,459,373,0.79,0.77,12,15,1,1,0,0,1,3,10,2
2/9/23,LEVANTE,OVIEDO,1,1,17,11,4,2,0.74,0.26,600,211,0.85,0.6,18,11,3,1,0,1,4,2,4,2
2/9/23,ELCHE,SANTANDER,1,1,24,12,6,6,0.59,0.41,495,358,0.81,0.78,11,16,0,3,1,0,3,0,8,1
2/9/23,VILLARREALB,CARTAGENA,1,2,18,13,6,6,0.59,0.41,548,364,0.87,0.78,9,14,2,3,0,0,0,1,3,7
3/9/23,ANDORRA,TENERIFE,0,1,16,10,2,4,0.77,0.23,643,189,0.88,0.62,7,18,0,3,0,0,2,4,8,4
3/9/23,EIBAR,LEGANES,0,1,20,2,2,1,0.78,0.22,639,191,0.84,0.49,11,14,2,3,0,0,4,1,8,1
3/9/23,ZARAGOZA,ELDENSE,2,0,13,8,1,3,0.6,0.4,457,308,0.81,0.73,6,13,2,1,0,0,2,2,1,3
3/9/23,ESPANYOL,AMOREBIETA,3,2,20,7,7,4,0.6,0.4,536,373,0.82,0.73,6,15,3,1,0,0,3,1,4,3
3/9/23,HUESCA,MIRANDES,1,1,15,13,3,3,0.35,0.65,232,432,0.6,0.79,15,10,3,5,1,0,1,4,9,5
8/9/23,LEVANTE,ESPANYOL,1,4,15,16,3,10,0.6,0.4,529,362,0.88,0.82,13,13,0,0,1,0,0,2,5,3
9/9/23,BURGOS,EIBAR,1,0,6,14,3,2,0.41,0.59,340,459,0.71,0.8,10,13,2,2,0,1,1,2,5,10
9/9/23,OVIEDO,GIJON,0,0,6,7,0,1,0.45,0.55,215,280,0.29,0.50,12,17,2,3,0,0,1,1,7,1
9/9/23,TENERIFE,ALBACETE,2,0,10,14,4,4,0.37,0.63,355,602,0.72,0.82,19,9,2,1,0,0,1,2,1,7
9/9/23,LEGANES,HUESCA,2,0,11,8,7,3,0.54,0.46,498,415,0.83,0.84,19,12,0,2,0,0,1,2,2,3
10/9/23,FERROL,VILLARREALB,2,2,24,6,8,3,0.54,0.46,467,423,0.85,0.76,11,12,3,2,0,0,2,0,13,0
10/9/23,SANTANDER,AMOREBIETA,1,0,7,7,4,2,0.41,0.59,354,501,0.74,0.82,12,17,4,2,0,0,4,1,4,4
10/9/23,MIRANDES,ANDORRA,4,3,17,25,6,7,0.26,0.74,225,644,0.64,0.89,9,11,1,3,0,0,2,0,3,3
10/9/23,CARTAGENA,ZARAGOZA,1,3,19,9,5,5,0.51,0.49,398,419,0.82,0.8,11,6,2,1,0,0,2,0,6,4
10/9/23,VALLADOLID,ELCHE,1,1,15,8,5,3,0.52,0.48,422,396,0.82,0.81,15,13,4,2,1,1,1,2,7,6
11/9/23,ELDENSE,ALCORCON,2,2,17,13,3,4,0.6,0.4,473,320,0.8,0.7,14,7,0,3,0,1,4,2,5,2
15/9/23,ZARAGOZA,SANTANDER,1,1,6,12,2,4,0.64,0.36,487,241,0.73,0.52,21,16,2,5,0,0,2,3,6,6
16/9/23,HUESCA,VILLARREALB,2,2,8,6,2,2,0.54,0.46,467,421,0.82,0.82,14,14,5,3,0,0,1,2,7,0
16/9/23,VALLADOLID,CARTAGENA,1,0,22,9,8,4,0.58,0.42,491,358,0.83,0.75,14,14,3,1,0,0,1,4,9,3
16/9/23,ALCORCON,LEVANTE,0,2,10,21,1,5,0.29,0.71,246,625,0.74,0.9,10,16,4,3,1,0,2,2,3,6
16/9/23,ALBACETE,BURGOS,2,1,19,12,5,3,0.51,0.49,369,363,0.75,0.74,16,8,1,2,0,0,2,1,3,6
17/9/23,AMOREBIETA,MIRANDES,2,0,8,10,2,2,0.42,0.58,335,457,0.67,0.77,24,10,3,2,0,0,1,0,9,4
17/9/23,EIBAR,FERROL,2,0,13,8,6,1,0.55,0.45,525,435,0.82,0.78,10,10,0,2,0,0,4,0,4,6
17/9/23,ESPANYOL,ELDENSE,3,3,23,6,5,3,0.63,0.37,493,312,0.84,0.72,14,13,3,4,0,0,0,2,12,0
17/9/23,ELCHE,LEGANES,1,0,18,9,5,3,0.57,0.43,479,367,0.85,0.79,14,10,4,3,0,0,2,2,8,4
17/9/23,GIJON,TENERIFE,2,1,10,8,4,1,0.53,0.47,444,409,0.77,0.72,12,16,2,5,0,0,1,0,6,4
18/9/23,ANDORRA,OVIEDO,1,0,5,6,1,2,0.64,0.36,487,271,0.83,0.67,15,16,1,2,1,1,2,1,4,3
22/9/23,CARTAGENA,EIBAR,1,2,7,11,4,5,0.44,0.56,415,534,0.78,0.83,10,23,2,5,1,0,4,2,5,6
23/9/23,ANDORRA,GIJON,0,0,13,6,5,2,0.66,0.34,571,303,0.88,0.78,10,10,0,1,0,0,0,5,4,2
23/9/23,LEVANTE,ELDENSE,2,0,17,10,7,2,0.41,0.59,354,493,0.75,0.82,11,15,1,2,0,0,0,1,5,2
23/9/23,BURGOS,ELCHE,4,0,16,12,9,1,0.34,0.66,287,526,0.7,0.83,11,12,3,1,0,0,0,2,4,1
23/9/23,ALCORCON,HUESCA,0,2,19,6,3,2,0.65,0.35,546,312,0.81,0.66,15,7,2,1,0,0,1,3,4,2
23/9/23,SANTANDER,ALBACETE,2,1,8,18,3,4,0.45,0.54,279,330,0.47,0.54,13,13,2,3,0,0,2,1,0,6
24/9/23,VILLARREALB,AMOREBIETA,3,1,19,14,8,4,0.53,0.47,413,353,0.78,0.74,12,18,2,4,0,0,1,4,3,6
24/9/23,OVIEDO,VALLADOLID,0,1,10,16,3,5,0.48,0.52,381,401,0.77,0.8,14,13,1,3,0,0,3,0,6,6
24/9/23,MIRANDES,LEGANES,1,3,12,11,6,5,0.54,0.46,430,381,0.82,0.75,11,12,1,1,0,0,1,1,0,4
25/9/23,FERROL,ZARAGOZA,1,0,10,9,4,2,0.41,0.59,336,481,0.77,0.8,8,13,1,0,0,0,4,3,4,4
25/9/23,TENERIFE,ESPANYOL,1,0,13,18,6,2,0.46,0.54,381,428,0.8,0.84,22,9,3,3,0,0,3,2,6,10
29/9/23,LEGANES,SANTANDER,2,1,7,8,4,2,0.43,0.57,313,426,0.49,0.64,14,5,4,3,0,0,2,0,4,11
30/9/23,EIBAR,TENERIFE,3,0,14,8,5,2,0.57,0.43,477,376,0.79,0.74,16,9,3,1,0,0,1,2,4,3
30/9/23,ELCHE,LEVANTE,0,0,28,10,4,2,0.54,0.46,442,413,0.87,0.85,8,12,1,1,0,0,2,3,8,7
30/9/23,VILLARREALB,ALCORCON,2,2,25,10,8,5,0.68,0.32,535,260,0.85,0.67,16,13,2,3,0,0,0,0,7,4
30/9/23,ALBACETE,ANDORRA,3,1,12,11,7,2,0.24,0.76,189,635,0.6,0.87,12,15,2,2,0,0,3,2,4,3
1/10/23,ELDENSE,OVIEDO,1,3,10,10,4,4,0.51,0.49,441,449,0.77,0.79,18,10,1,0,0,0,1,2,6,4
1/10/23,ZARAGOZA,MIRANDES,0,1,8,8,2,0,0.6,0.4,513,343,0.83,0.79,10,11,2,4,1,0,0,2,6,2
1/10/23,VALLADOLID,BURGOS,3,0,11,12,6,2,0.49,0.51,423,419,0.82,0.78,14,10,2,2,0,0,0,2,3,6
1/10/23,AMOREBIETA,CARTAGENA,0,0,5,8,2,1,0.58,0.42,480,371,0.79,0.72,14,10,2,2,0,0,2,3,3,2
1/10/23,HUESCA,GIJON,0,1,6,13,2,6,0.47,0.53,368,415,0.81,0.82,11,15,6,6,0,0,3,3,9,8
2/10/23,ESPANYOL,FERROL,3,0,10,6,3,2,0.59,0.41,510,364,0.86,0.8,22,13,2,2,0,1,3,0,6,0
3/10/23,LEVANTE,VILLARREALB,1,1,15,7,4,1,0.63,0.37,608,367,0.83,0.77,18,9,2,2,0,0,2,0,8,2
3/10/23,ALCORCON,ALBACETE,1,2,23,9,6,4,0.59,0.41,417,312,0.77,0.65,10,11,0,6,0,0,0,0,6,1
3/10/23,TENERIFE,SANTANDER,2,0,20,9,6,3,0.54,0.46,480,452,0.8,0.7,18,7,1,4,0,0,0,2,7,4
4/10/23,OVIEDO,HUESCA,1,0,9,9,6,3,0.63,0.37,527,321,0.82,0.71,14,18,2,2,0,0,0,0,5,4
4/10/23,ELDENSE,VALLADOLID,0,1,4,8,0,2,0.54,0.46,445,393,0.73,0.71,16,18,1,4,0,0,4,2,3,2
4/10/23,BURGOS,LEGANES,1,0,5,12,3,2,0.39,0.61,382,567,0.8,0.86,14,11,5,3,0,1,0,0,0,8
4/10/23,GIJON,ELCHE,2,0,20,10,8,1,0.47,0.53,434,474,0.87,0.85,9,15,0,0,0,0,3,1,6,3
5/10/23,MIRANDES,EIBAR,1,3,7,15,3,3,0.45,0.55,417,493,0.76,0.81,9,14,2,2,0,0,4,2,0,7
5/10/23,ANDORRA,ZARAGOZA,0,1,5,5,0,3,0.4,0.6,346,530,0.79,0.85,8,16,2,4,1,0,1,3,4,0
5/10/23,CARTAGENA,ESPANYOL,0,2,10,8,1,4,0.4,0.6,356,544,0.74,0.82,17,14,4,3,0,0,2,2,6,1
5/10/23,FERROL,AMOREBIETA,1,0,11,4,3,2,0.45,0.55,443,528,0.83,0.83,12,9,1,1,0,0,2,0,5,3
6/10/23,ALBACETE,LEVANTE,0,2,14,10,4,7,0.66,0.34,583,322,0.86,0.75,11,11,0,1,0,0,0,0,6,3
7/10/23,HUESCA,ELDENSE,0,1,17,15,1,3,0.47,0.53,329,358,0.71,0.75,8,17,1,6,1,0,0,4,4,8
7/10/23,SANTANDER,GIJON,3,2,20,21,7,8,0.43,0.57,236,333,0.50,0.57,13,7,4,4,0,0,1,2,5,7
7/10/23,LEGANES,OVIEDO,0,0,9,6,3,2,0.37,0.63,304,502,0.74,0.85,11,13,3,1,0,0,1,0,1,4
8/10/23,AMOREBIETA,EIBAR,1,2,10,12,7,7,0.46,0.54,360,411,0.73,0.75,12,12,3,1,0,0,1,1,5,5
8/10/23,VALLADOLID,MIRANDES,3,2,23,6,9,3,0.72,0.28,575,235,0.87,0.64,10,11,3,3,0,0,1,2,7,1
8/10/23,FERROL,CARTAGENA,1,1,12,11,4,4,0.68,0.32,534,266,0.86,0.72,11,19,0,4,0,0,0,4,4,6
8/10/23,TENERIFE,BURGOS,2,1,8,14,2,6,0.49,0.51,403,408,0.82,0.84,12,15,1,4,1,0,5,2,4,6
8/10/23,ZARAGOZA,ALCORCON,0,2,15,11,5,2,0.65,0.35,495,282,0.85,0.65,12,18,5,4,0,0,5,1,6,1
9/10/23,ELCHE,ANDORRA,2,1,24,4,9,1,0.44,0.56,322,428,0.77,0.83,13,15,0,0,0,0,3,2,10,4
9/10/23,VILLARREALB,ESPANYOL,3,1,18,16,7,4,0.41,0.59,321,441,0.77,0.85,17,12,1,4,0,0,2,2,7,9
13/10/23,OVIEDO,ALBACETE,3,0,9,12,3,2,0.65,0.35,539,300,0.86,0.74,10,14,1,2,0,1,1,0,6,2
14/10/23,MIRANDES,TENERIFE,1,1,9,9,3,4,0.47,0.53,418,465,0.8,0.79,10,14,3,3,0,0,4,2,5,2
14/10/23,CARTAGENA,SANTANDER,2,3,22,20,6,10,0.53,0.47,383,379,0.83,0.8,10,18,2,4,0,0,1,0,6,4
14/10/23,GIJON,ZARAGOZA,2,2,13,13,4,3,0.61,0.39,447,294,0.85,0.77,12,10,3,2,0,0,5,0,5,3
14/10/23,ESPANYOL,VALLADOLID,2,0,5,11,3,3,0.33,0.67,272,536,0.69,0.87,15,14,3,3,0,0,2,6,0,5
15/10/23,BURGOS,VILLARREALB,3,2,11,12,4,3,0.4,0.6,326,477,0.73,0.82,13,8,0,4,0,0,4,1,9,2
15/10/23,ELDENSE,ELCHE,1,1,9,6,2,2,0.38,0.62,278,457,0.69,0.81,20,16,4,3,0,0,3,1,6,5
15/10/23,ANDORRA,ALCORCON,2,0,12,12,3,3,0.65,0.35,510,280,0.88,0.73,6,15,0,1,0,0,2,1,3,2
15/10/23,EIBAR,HUESCA,1,1,14,5,2,2,0.69,0.31,599,284,0.81,0.63,8,14,1,3,0,0,4,1,6,1
15/10/23,LEGANES,AMOREBIETA,6,0,17,8,10,1,0.45,0.55,358,416,0.77,0.8,13,11,1,2,0,0,2,0,2,5
16/10/23,LEVANTE,FERROL,1,0,9,14,4,1,0.47,0.53,422,448,0.81,0.79,13,11,4,1,0,0,2,3,3,3
20/10/23,ESPANYOL,LEGANES,0,1,12,13,3,4,0.61,0.39,549,378,0.83,0.75,12,12,2,4,1,0,2,6,4,1
21/10/23,AMOREBIETA,OVIEDO,0,0,9,16,1,2,0.33,0.67,290,560,0.64,0.81,17,7,1,4,1,0,1,0,2,6
21/10/23,VILLARREALB,MIRANDES,0,3,15,7,3,3,0.67,0.33,586,296,0.83,0.69,8,13,1,1,0,0,1,4,8,1
21/10/23,TENERIFE,LEVANTE,0,0,17,8,4,1,0.58,0.42,516,391,0.82,0.73,14,13,4,3,0,0,3,3,3,3
21/10/23,ZARAGOZA,EIBAR,2,3,13,10,5,6,0.44,0.56,342,423,0.72,0.74,9,14,4,3,0,0,2,5,3,5
22/10/23,FERROL,ELDENSE,1,1,14,11,3,3,0.55,0.45,433,358,0.78,0.7,12,16,0,2,0,0,0,2,8,4
22/10/23,HUESCA,ELCHE,0,1,7,4,1,3,0.53,0.47,457,431,0.78,0.75,16,20,3,3,0,0,2,1,4,1
22/10/23,ALBACETE,GIJON,1,3,25,8,6,4,0.64,0.36,436,240,0.81,0.75,10,11,3,2,0,0,1,1,11,0
22/10/23,SANTANDER,BURGOS,3,0,17,12,6,2,0.56,0.44,380,273,0.61,0.42,8,11,1,3,0,0,1,0,4,4
22/10/23,VALLADOLID,ANDORRA,2,0,11,17,4,5,0.26,0.74,206,609,0.7,0.87,16,10,5,2,0,0,4,2,6,6
23/10/23,ALCORCON,CARTAGENA,1,1,19,16,2,6,0.53,0.47,438,391,0.82,0.75,7,9,2,3,0,0,2,0,6,7
27/10/23,EIBAR,VALLADOLID,5,1,22,10,13,2,0.44,0.56,403,516,0.8,0.81,13,12,1,0,0,0,5,2,2,1
28/10/23,ELDENSE,AMOREBIETA,2,0,12,11,4,3,0.49,0.51,368,365,0.73,0.74,13,14,1,2,0,0,2,3,2,7
28/10/23,GIJON,ESPANYOL,2,0,9,17,3,4,0.39,0.61,312,477,0.77,0.86,13,8,6,3,0,0,1,0,4,7
28/10/23,ANDORRA,LEVANTE,2,0,21,7,10,1,0.56,0.44,446,349,0.85,0.75,11,8,2,3,0,0,5,1,7,6
28/10/23,ELCHE,TENERIFE,2,1,9,9,4,2,0.54,0.46,462,397,0.78,0.74,11,16,0,6,0,0,3,3,4,4
29/10/23,MIRANDES,CARTAGENA,2,1,13,14,4,5,0.49,0.51,377,395,0.83,0.8,9,14,0,3,0,0,1,0,4,5
29/10/23,HUESCA,ALBACETE,0,0,8,8,1,5,0.53,0.47,464,421,0.8,0.75,12,13,2,1,0,0,0,4,6,1
29/10/23,LEGANES,VILLARREALB,1,0,10,8,5,3,0.47,0.53,426,477,0.77,0.82,11,16,2,2,0,1,4,1,7,0
29/10/23,OVIEDO,ALCORCON,2,0,12,6,4,3,0.49,0.51,448,468,0.85,0.82,9,14,1,5,0,0,1,1,6,2
29/10/23,SANTANDER,FERROL,1,3,9,13,5,8,0.58,0.42,406,270,0.56,0.40,12,22,1,5,0,0,3,1,5,4
30/10/23,BURGOS,ZARAGOZA,1,1,11,8,2,5,0.59,0.41,441,313,0.77,0.72,17,16,2,2,0,0,5,0,4,1
3/11/23,ESPANYOL,EIBAR,2,2,13,13,6,4,0.44,0.56,426,545,0.81,0.84,9,7,1,1,0,0,2,6,4,4
4/11/23,VILLARREALB,GIJON,0,3,23,10,6,6,0.49,0.51,448,474,0.85,0.81,15,9,0,0,0,0,1,3,9,4
4/11/23,LEVANTE,MIRANDES,2,2,10,10,5,4,0.45,0.55,364,422,0.78,0.8,19,11,4,3,2,0,2,2,2,6
4/11/23,VALLADOLID,TENERIFE,2,0,16,6,6,1,0.52,0.48,334,291,0.58,0.44,10,13,1,3,0,0,1,2,9,4
4/11/23,ALBACETE,ELCHE,1,1,14,5,5,3,0.56,0.44,436,347,0.78,0.72,18,17,3,4,0,1,5,1,6,3
5/11/23,FERROL,ANDORRA,1,0,11,12,4,5,0.32,0.68,263,566,0.68,0.86,19,18,4,3,0,0,3,4,3,3
5/11/23,AMOREBIETA,HUESCA,0,1,7,8,0,3,0.49,0.51,413,433,0.74,0.76,13,12,3,2,1,0,1,1,2,4
5/11/23,CARTAGENA,LEGANES,0,3,11,8,1,5,0.51,0.49,463,470,0.81,0.84,15,10,1,2,0,0,0,3,3,5
5/11/23,ALCORCON,SANTANDER,3,1,17,10,6,3,0.46,0.54,319,376,0.56,0.57,18,7,3,1,0,0,1,3,3,3
5/11/23,ELDENSE,BURGOS,2,0,15,9,5,2,0.44,0.56,337,408,0.74,0.77,11,8,2,2,0,0,2,2,7,7
6/11/23,ZARAGOZA,OVIEDO,0,0,19,13,5,2,0.53,0.47,312,276,0.53,0.49,17,13,1,1,0,0,1,3,7,4
10/11/23,LEGANES,LEVANTE,2,1,11,10,5,3,0.4,0.6,308,447,0.7,0.78,20,8,2,2,0,0,1,4,8,7
11/11/23,SANTANDER,VALLADOLID,2,3,14,19,6,9,0.35,0.65,220,470,0.40,0.69,13,11,0,2,0,0,2,1,3,3
11/11/23,MIRANDES,FERROL,1,2,17,10,7,3,0.64,0.36,536,318,0.81,0.65,4,12,1,1,0,0,1,0,6,2
11/11/23,ELCHE,ZARAGOZA,2,0,13,8,4,3,0.51,0.49,374,367,0.83,0.8,18,12,4,2,0,0,2,0,7,5
11/11/23,GIJON,AMOREBIETA,1,1,16,10,8,4,0.62,0.38,564,355,0.87,0.79,12,8,1,5,0,0,2,1,4,3
12/11/23,BURGOS,ALCORCON,4,2,15,9,7,3,0.48,0.52,406,444,0.79,0.8,14,7,1,0,0,0,3,0,5,2
12/11/23,ANDORRA,ELDENSE,1,3,22,9,6,5,0.8,0.2,722,183,0.9,0.56,9,12,2,3,0,0,1,2,8,1
12/11/23,HUESCA,ESPANYOL,1,1,19,6,5,1,0.59,0.41,436,318,0.8,0.72,8,18,2,4,0,0,3,2,7,1
12/11/23,TENERIFE,VILLARREALB,0,1,20,13,5,6,0.67,0.33,547,283,0.87,0.72,15,14,3,5,0,1,3,2,8,3
12/11/23,EIBAR,ALBACETE,1,1,12,16,6,6,0.58,0.42,534,382,0.79,0.71,15,15,1,1,0,0,2,1,3,7
13/11/23,OVIEDO,CARTAGENA,1,1,18,2,3,1,0.72,0.28,560,230,0.89,0.61,11,15,4,8,0,0,3,0,4,2
17/11/23,VALLADOLID,LEGANES,1,1,21,11,3,3,0.66,0.34,582,302,0.88,0.74,13,12,1,3,0,0,1,1,3,6
18/11/23,ALCORCON,GIJON,0,0,15,16,2,2,0.34,0.66,271,514,0.77,0.86,14,10,2,2,0,0,2,1,5,7
18/11/23,AMOREBIETA,TENERIFE,2,0,5,23,3,6,0.34,0.66,262,474,0.66,0.79,8,9,2,2,1,1,6,3,3,14
18/11/23,ZARAGOZA,HUESCA,0,2,11,7,3,3,0.63,0.37,483,302,0.78,0.62,16,21,2,3,1,0,4,2,9,4
18/11/23,ESPANYOL,ELCHE,2,0,12,15,5,3,0.43,0.57,319,414,0.74,0.77,25,11,3,2,0,0,1,2,8,5
19/11/23,FERROL,BURGOS,1,1,13,9,5,2,0.6,0.4,544,374,0.83,0.74,13,11,1,5,0,0,2,1,3,4
19/11/23,ELDENSE,MIRANDES,2,2,20,7,6,3,0.53,0.47,362,329,0.76,0.77,21,14,1,1,0,0,1,0,7,1
19/11/23,OVIEDO,EIBAR,2,1,9,7,3,2,0.53,0.47,453,424,0.83,0.82,11,15,4,3,0,0,0,1,4,4
19/11/23,VILLARREALB,ANDORRA,0,0,12,16,2,5,0.38,0.62,346,552,0.78,0.88,12,7,2,1,0,0,1,2,2,7
19/11/23,CARTAGENA,ALBACETE,1,1,9,18,2,2,0.39,0.61,347,533,0.72,0.82,10,20,1,2,0,0,0,4,2,9
20/11/23,LEVANTE,SANTANDER,2,4,26,9,5,5,0.61,0.39,515,352,0.82,0.72,15,11,2,1,0,0,3,4,8,5
24/11/23,HUESCA,VALLADOLID,0,1,10,11,2,5,0.43,0.57,359,474,0.76,0.8,12,15,4,4,0,0,7,1,3,4
25/11/23,BURGOS,ANDORRA,0,0,11,7,2,1,0.36,0.64,309,546,0.74,0.87,7,13,1,1,0,0,4,0,3,3
25/11/23,SANTANDER,VILLARREALB,2,0,10,7,3,0,0.4,0.6,361,535,0.74,0.83,17,20,3,4,0,0,2,0,4,3
25/11/23,ALBACETE,ZARAGOZA,1,0,18,5,5,2,0.54,0.46,438,393,0.73,0.72,19,5,2,2,0,0,2,0,4,5
25/11/23,EIBAR,LEVANTE,3,1,20,12,7,7,0.58,0.42,532,403,0.83,0.8,12,12,3,1,0,0,2,0,10,3
26/11/23,LEGANES,FERROL,2,2,22,3,5,3,0.6,0.4,543,380,0.85,0.74,13,4,1,2,0,1,3,0,5,2
26/11/23,MIRANDES,OVIEDO,2,1,10,8,6,2,0.34,0.66,304,574,0.75,0.86,7,15,3,3,0,0,1,0,5,2
26/11/23,ELCHE,AMOREBIETA,2,0,11,11,4,4,0.61,0.39,524,330,0.84,0.73,11,18,2,2,0,0,1,3,4,9
26/11/23,TENERIFE,CARTAGENA,1,1,15,7,5,3,0.61,0.39,517,347,0.83,0.73,14,12,3,4,0,0,1,4,6,1
26/11/23,ESPANYOL,ALCORCON,2,0,23,6,9,1,0.66,0.34,611,336,0.88,0.76,16,11,2,0,0,1,1,4,8,2
27/11/23,GIJON,ELDENSE,2,0,17,14,7,3,0.55,0.45,527,433,0.86,0.8,13,16,1,2,0,0,3,2,5,2
1/12/23,OVIEDO,ESPANYOL,2,0,16,7,5,2,0.53,0.47,371,339,0.77,0.69,16,24,5,3,0,0,1,1,7,4
2/12/23,ELDENSE,TENERIFE,0,3,13,4,1,3,0.58,0.42,428,339,0.77,0.7,14,14,1,1,0,0,1,1,9,1
2/12/23,CARTAGENA,GIJON,1,0,19,6,10,1,0.48,0.52,330,362,0.63,0.63,11,11,1,3,0,0,1,3,6,3
2/12/23,ZARAGOZA,LEGANES,1,0,10,5,2,0,0.46,0.54,354,415,0.72,0.76,17,11,2,1,0,0,3,4,4,4
2/12/23,LEVANTE,VALLADOLID,2,1,19,11,7,3,0.4,0.6,285,449,0.77,0.83,16,13,4,3,0,0,1,3,12,6
3/12/23,ANDORRA,HUESCA,1,0,8,7,4,1,0.68,0.32,591,277,0.9,0.77,11,12,2,2,0,0,3,2,6,3
3/12/23,ALCORCON,ELCHE,0,2,10,22,2,9,0.41,0.59,377,545,0.76,0.85,12,11,3,1,1,0,2,2,4,4
3/12/23,FERROL,ALBACETE,5,4,17,18,6,7,0.71,0.29,595,252,0.85,0.63,12,16,2,3,0,1,2,1,2,5
3/12/23,MIRANDES,SANTANDER,0,0,13,12,5,3,0.53,0.47,373,339,0.79,0.77,15,17,4,5,0,0,3,1,9,10
3/12/23,AMOREBIETA,BURGOS,0,1,15,7,3,5,0.58,0.42,465,352,0.8,0.74,10,7,1,0,0,0,2,4,7,6
4/12/23,VILLARREALB,EIBAR,1,0,26,6,8,0,0.6,0.4,580,403,0.87,0.8,10,6,1,0,0,1,1,3,9,0
8/12/23,ALBACETE,VILLARREALB,2,0,18,7,5,1,0.54,0.46,480,423,0.81,0.8,10,9,2,2,0,0,2,0,4,0
8/12/23,ESPANYOL,ZARAGOZA,1,1,8,10,1,2,0.47,0.53,372,406,0.73,0.79,15,17,2,3,1,0,0,1,4,6
9/12/23,VALLADOLID,AMOREBIETA,2,1,12,7,6,3,0.67,0.33,613,302,0.82,0.64,7,18,1,3,0,0,4,1,4,4
9/12/23,GIJON,LEVANTE,0,0,12,8,3,2,0.51,0.49,419,407,0.77,0.8,9,14,6,4,1,0,1,1,5,3
9/12/23,BURGOS,MIRANDES,0,0,11,5,2,1,0.54,0.46,406,356,0.77,0.78,10,10,3,4,0,0,0,3,3,8
10/12/23,ELCHE,CARTAGENA,1,2,12,7,2,4,0.65,0.35,508,284,0.84,0.76,10,18,3,4,0,0,2,2,8,5
10/12/23,SANTANDER,OVIEDO,2,2,10,16,5,3,0.50,0.50,314,306,0.77,0.76,18,14,4,3,0,0,0,3,6,9
10/12/23,EIBAR,ANDORRA,2,2,15,16,4,5,0.37,0.63,339,591,0.76,0.86,14,13,3,3,1,0,4,0,5,1
10/12/23,LEGANES,ELDENSE,1,1,12,6,3,1,0.67,0.33,512,258,0.83,0.6,17,22,3,3,0,0,2,1,8,2
10/12/23,HUESCA,FERROL,1,0,11,11,5,0,0.32,0.68,286,584,0.67,0.85,10,14,1,3,0,0,2,1,3,4
11/12/23,TENERIFE,ALCORCON,1,0,14,11,5,2,0.49,0.51,406,427,0.77,0.74,13,19,1,5,0,0,2,0,3,3
15/12/23,OVIEDO,ELCHE,3,2,11,18,7,5,0.58,0.42,486,362,0.79,0.74,11,16,2,4,0,0,0,0,5,2
16/12/23,ELDENSE,SANTANDER,3,3,13,8,6,4,0.7,0.3,552,241,0.79,0.54,11,7,2,2,0,0,3,3,8,3
16/12/23,ANDORRA,ESPANYOL,1,1,14,6,3,1,0.69,0.31,608,282,0.89,0.74,10,19,1,4,0,0,2,4,6,2
16/12/23,CARTAGENA,BURGOS,0,3,9,10,1,5,0.6,0.4,510,351,0.78,0.75,14,9,5,1,0,0,2,2,2,2
16/12/23,GIJON,LEGANES,1,1,17,8,3,2,0.65,0.35,533,295,0.85,0.68,13,8,3,3,0,0,1,1,9,4
16/12/23,MIRANDES,ALBACETE,2,0,13,11,3,3,0.38,0.62,328,514,0.71,0.78,9,16,2,2,0,0,1,2,2,7
17/12/23,ALCORCON,EIBAR,1,0,6,18,3,7,0.31,0.69,230,484,0.63,0.85,18,9,1,2,0,0,3,1,2,13
17/12/23,LEVANTE,HUESCA,2,1,12,5,6,1,0.64,0.36,528,307,0.86,0.8,21,14,2,3,0,1,3,2,10,0
17/12/23,AMOREBIETA,ZARAGOZA,1,1,18,10,7,6,0.49,0.51,417,416,0.79,0.78,9,12,4,2,0,0,1,1,3,7
17/12/23,FERROL,TENERIFE,3,1,18,5,7,2,0.55,0.45,465,408,0.79,0.75,9,9,2,2,0,0,4,5,8,0
18/12/23,VILLARREALB,VALLADOLID,1,0,11,17,3,5,0.36,0.64,310,524,0.68,0.82,20,10,1,4,0,0,2,1,3,5
19/12/23,SANTANDER,ANDORRA,2,0,17,9,12,3,0.35,0.65,309,577,0.76,0.89,16,14,5,2,0,1,2,0,6,4
19/12/23,ALBACETE,ELDENSE,1,1,9,12,1,2,0.55,0.45,460,386,0.76,0.7,12,15,1,2,0,1,2,1,5,3
19/12/23,ESPANYOL,BURGOS,3,3,14,13,7,6,0.68,0.32,661,310,0.87,0.71,8,12,3,2,0,0,3,0,6,6
19/12/23,ELCHE,MIRANDES,0,0,17,4,1,0,0.61,0.39,560,369,0.85,0.75,13,12,2,3,0,0,3,3,6,1
20/12/23,ZARAGOZA,LEVANTE,2,2,16,9,4,5,0.55,0.45,460,404,0.77,0.72,12,9,2,2,0,0,2,2,5,2
20/12/23,EIBAR,GIJON,1,1,15,7,4,4,0.62,0.38,572,360,0.83,0.73,8,8,3,3,0,0,3,1,6,3
20/12/23,LEGANES,TENERIFE,1,1,5,6,3,3,0.55,0.45,491,411,0.78,0.71,12,12,2,3,0,0,1,2,5,5
21/12/23,VILLARREALB,OVIEDO,1,1,15,12,6,2,0.43,0.57,388,482,0.81,0.86,16,16,1,2,0,1,0,2,1,7
21/12/23,HUESCA,CARTAGENA,3,0,7,12,6,4,0.48,0.52,445,476,0.8,0.81,11,9,0,1,0,0,2,3,4,8
21/12/23,VALLADOLID,FERROL,0,1,15,10,3,2,0.57,0.43,,,,,12,12,1,3,0,0,2,2,7,4
21/12/23,AMOREBIETA,ALCORCON,1,2,7,12,2,5,0.7,0.3,541,237,0.83,0.62,12,19,3,4,0,0,0,2,9,3
12/1/24,EIBAR,SANTANDER,2,0,14,9,5,2,0.59,0.41,516,369,0.82,0.71,18,14,2,1,0,0,5,2,2,6
13/1/24,ALCORCON,MIRANDES,0,0,14,12,2,2,0.52,0.48,393,374,0.79,0.78,10,7,0,1,0,0,3,1,3,3
13/1/24,LEVANTE,ALBACETE,3,2,13,11,8,4,0.55,0.45,438,369,0.8,0.73,19,18,1,0,0,0,0,2,5,3
13/1/24,TENERIFE,ELCHE,0,1,10,7,2,3,0.57,0.43,531,409,0.76,0.72,12,15,4,2,0,0,3,2,4,2
13/1/24,OVIEDO,AMOREBIETA,1,1,15,14,3,4,0.59,0.41,517,375,0.86,0.78,9,11,0,1,0,0,2,1,10,5
13/1/24,BURGOS,VALLADOLID,1,0,7,20,2,2,0.31,0.69,265,555,0.62,0.83,13,10,5,1,0,0,2,1,5,9
13/1/24,FERROL,ESPANYOL,0,0,6,8,1,1,0.53,0.47,437,389,0.81,0.76,11,14,2,3,0,0,2,0,5,8
14/1/24,ANDORRA,LEGANES,2,3,18,6,6,4,0.69,0.31,581,258,0.9,0.74,10,13,4,1,0,0,0,3,6,1
14/1/24,GIJON,HUESCA,0,0,11,9,2,4,0.64,0.36,570,335,0.88,0.78,9,11,2,2,0,0,2,1,7,1
14/1/24,CARTAGENA,VILLARREALB,4,1,19,13,6,2,0.45,0.55,342,421,0.78,0.8,14,12,3,2,0,0,3,2,10,6
15/1/24,ELDENSE,ZARAGOZA,1,1,14,4,4,2,0.45,0.55,286,363,0.68,0.68,13,9,3,4,0,0,2,1,10,1
20/1/24,ALBACETE,ALCORCON,0,1,16,15,2,3,0.65,0.35,496,270,0.84,0.72,19,12,2,4,0,0,0,2,3,2
20/1/24,AMOREBIETA,ELDENSE,0,2,10,12,1,7,0.57,0.43,484,387,0.74,0.69,10,12,1,2,0,0,0,1,7,2
20/1/24,ZARAGOZA,ANDORRA,2,0,11,8,6,3,0.39,0.61,311,502,0.76,0.87,20,9,2,1,0,0,1,1,3,2
20/1/24,TENERIFE,GIJON,1,2,11,11,3,6,0.51,0.49,370,356,0.79,0.77,14,14,2,3,0,0,3,5,2,6
20/1/24,ESPANYOL,VILLARREALB,2,1,9,11,4,3,0.56,0.44,496,404,0.85,0.84,13,11,2,2,0,0,2,2,5,8
20/1/24,FERROL,OVIEDO,1,3,9,17,3,9,0.53,0.47,343,303,0.76,0.71,18,10,2,3,0,0,3,0,7,7
21/1/24,SANTANDER,CARTAGENA,0,2,14,8,3,4,0.71,0.29,,,,,13,20,3,3,2,0,3,1,8,1
21/1/24,MIRANDES,LEVANTE,1,1,15,9,3,2,0.47,0.53,370,430,0.79,0.81,11,18,2,3,0,0,0,2,6,3
21/1/24,HUESCA,EIBAR,2,3,19,14,8,6,0.43,0.57,364,475,0.78,0.84,7,10,1,2,0,0,2,7,7,7
21/1/24,ELCHE,VALLADOLID,0,0,18,3,2,1,0.58,0.42,512,383,0.82,0.7,14,10,2,2,0,0,2,5,3,2
22/1/24,LEGANES,BURGOS,2,0,11,13,5,5,0.4,0.6,403,577,0.78,0.85,12,9,0,2,0,0,1,4,7,4
26/1/24,EIBAR,MIRANDES,1,0,20,11,7,3,0.63,0.37,569,343,0.84,0.73,12,10,1,2,0,0,0,1,6,4
27/1/24,ALCORCON,ZARAGOZA,0,0,9,5,2,1,0.49,0.51,346,374,0.64,0.71,12,8,0,1,0,0,0,1,4,0
27/1/24,CARTAGENA,AMOREBIETA,1,0,10,9,4,3,0.43,0.57,359,460,0.68,0.76,16,15,3,4,0,0,1,1,3,1
27/1/24,OVIEDO,LEGANES,1,0,12,5,6,2,0.64,0.36,555,324,0.86,0.73,12,15,4,2,0,0,1,2,9,3
27/1/24,LEVANTE,TENERIFE,0,0,8,8,2,0,0.45,0.55,350,414,0.69,0.72,15,18,1,1,0,1,2,0,2,4
28/1/24,ELDENSE,ESPANYOL,3,2,13,5,5,1,0.49,0.51,354,374,0.71,0.7,15,15,2,2,0,0,2,1,7,3
28/1/24,ANDORRA,ELCHE,0,1,10,14,5,6,0.51,0.49,382,371,0.81,0.78,13,14,3,3,0,0,5,0,4,5
28/1/24,VILLARREALB,HUESCA,1,1,16,6,5,2,0.67,0.33,592,294,0.86,0.71,13,11,3,3,0,0,2,3,7,1
28/1/24,BURGOS,ALBACETE,2,1,20,9,6,4,0.53,0.47,399,381,0.76,0.68,8,19,1,1,0,0,0,1,6,3
28/1/24,GIJON,FERROL,1,2,12,12,3,4,0.59,0.41,,,,,11,18,1,4,0,0,0,1,2,3
29/1/24,VALLADOLID,SANTANDER,3,1,12,8,7,4,0.53,0.47,416,370,0.81,0.79,17,13,2,2,1,0,4,1,3,2
2/2/24,ELCHE,BURGOS,2,0,16,6,8,2,0.64,0.36,610,344,0.88,0.76,14,8,2,0,0,0,0,3,5,6
3/2/24,ALBACETE,CARTAGENA,1,1,5,11,2,2,0.54,0.46,390,339,0.71,0.67,16,10,3,1,0,0,2,3,3,4
3/2/24,HUESCA,ALCORCON,1,0,11,8,3,4,0.52,0.48,441,415,0.82,0.78,8,15,1,2,0,0,0,1,4,5
3/2/24,MIRANDES,VILLARREALB,3,0,13,4,6,0,0.56,0.44,493,390,0.8,0.77,9,13,1,1,0,0,2,1,5,1
3/2/24,LEGANES,VALLADOLID,0,0,9,10,1,0,0.43,0.57,349,449,0.75,0.79,10,16,2,3,0,0,1,2,3,4
3/2/24,TENERIFE,ANDORRA,0,0,12,9,1,3,0.43,0.57,377,489,0.78,0.86,22,15,5,2,0,0,3,1,6,3
4/2/24,FERROL,EIBAR,1,1,10,6,3,3,0.53,0.47,455,406,0.79,0.77,7,19,5,2,0,0,1,2,2,2
4/2/24,AMOREBIETA,SANTANDER,0,1,10,8,10,8,0.55,0.45,,,,,17,17,3,3,0,0,2,4,4,0
4/2/24,OVIEDO,ELDENSE,1,1,27,7,9,2,0.7,0.3,564,262,0.85,0.67,5,15,1,5,0,1,0,0,16,5
4/2/24,ESPANYOL,LEVANTE,2,1,9,16,3,5,0.42,0.58,375,534,0.82,0.85,19,16,3,3,0,0,1,4,5,6
5/2/24,ZARAGOZA,GIJON,3,0,13,8,5,2,0.42,0.58,250,352,,,15,6,1,3,0,0,2,0,4,4
9/2/24,LEVANTE,LEGANES,0,0,12,11,3,2,0.53,0.47,479,437,0.86,0.84,13,15,1,6,0,0,1,2,6,3
10/2/24,ELDENSE,HUESCA,0,0,8,9,0,4,0.55,0.45,372,306,0.67,0.61,21,10,2,1,0,0,3,2,4,6
10/2/24,AMOREBIETA,ELCHE,1,0,8,19,2,4,0.29,0.71,263,628,0.67,0.87,11,11,0,0,0,0,2,1,0,5
10/2/24,GIJON,OVIEDO,1,0,12,13,5,3,0.40,0.60,,,,,11,9,3,3,0,0,0,0,4,5
10/2/24,SANTANDER,ESPANYOL,2,0,10,9,5,1,0.37,0.63,264,439,0.61,0.75,17,14,1,0,0,0,3,1,7,3
11/2/24,VILLARREALB,TENERIFE,1,0,10,4,3,0,0.56,0.44,490,391,0.8,0.72,12,16,3,6,0,1,2,4,4,1
11/2/24,ALCORCON,ANDORRA,1,0,6,13,1,3,0.25,0.75,222,635,0.69,0.88,17,3,3,1,0,0,3,0,4,6
11/2/24,CARTAGENA,MIRANDES,1,0,6,18,2,4,0.35,0.65,263,462,0.67,0.84,14,7,5,2,0,0,1,2,4,5
11/2/24,EIBAR,ZARAGOZA,1,0,10,13,4,1,0.49,0.51,444,455,0.79,0.79,7,6,2,0,0,0,3,0,3,5
11/2/24,BURGOS,FERROL,2,0,8,16,5,6,0.38,0.62,,,,,11,8,0,1,0,0,1,5,2,8
12/2/24,VALLADOLID,ALBACETE,0,0,18,8,2,3,0.73,0.27,480,134,,,13,18,3,3,0,0,1,5,7,1
16/2/24,ZARAGOZA,CARTAGENA,1,2,20,6,6,4,0.73,0.27,567,221,0.86,0.56,13,12,4,5,0,1,7,1,8,3
17/2/24,ANDORRA,VILLARREALB,1,1,10,5,4,2,0.57,0.43,491,387,0.88,0.8,16,11,4,2,0,0,4,1,8,1
17/2/24,OVIEDO,BURGOS,5,0,19,15,10,4,0.57,0.43,470,364,0.82,0.74,14,5,2,0,0,0,2,1,5,7
17/2/24,GIJON,VALLADOLID,1,1,11,12,4,5,0.48,0.52,411,424,0.79,0.83,9,12,3,3,0,0,3,0,6,9
17/2/24,ESPANYOL,MIRANDES,3,0,18,4,7,0,0.49,0.51,395,416,0.82,0.84,18,13,2,4,0,0,2,2,7,3
18/2/24,ALBACETE,SANTANDER,2,0,14,8,6,2,0.43,0.57,293,383,0.69,0.74,12,14,2,4,0,0,2,0,8,5
18/2/24,FERROL,LEVANTE,0,0,6,14,1,3,0.4,0.6,332,501,0.69,0.84,11,18,1,3,1,0,1,6,1,4
18/2/24,LEGANES,ALCORCON,3,0,12,16,6,5,0.61,0.39,442,290,0.82,0.74,23,15,3,5,0,0,0,1,5,3
18/2/24,HUESCA,AMOREBIETA,0,0,15,7,5,2,0.59,0.41,496,364,0.84,0.76,10,10,2,1,0,0,3,1,9,0
18/2/24,ELCHE,EIBAR,0,0,30,8,5,3,0.69,0.31,566,274,0.84,0.7,11,13,4,4,0,0,1,0,9,3
19/2/24,TENERIFE,ELDENSE,1,0,16,6,5,0,0.49,0.51,406,417,0.79,0.76,13,14,3,1,0,0,3,2,3,3
23/2/24,VALLADOLID,OVIEDO,3,0,13,11,4,3,0.47,0.53,384,442,0.78,0.8,20,9,1,1,0,0,0,2,6,5
24/2/24,SANTANDER,LEGANES,2,1,10,9,3,5,0.42,0.58,352,486,0.73,0.78,14,16,1,4,0,0,0,4,6,5
24/2/24,EIBAR,ESPANYOL,2,3,12,8,4,4,0.55,0.45,557,471,0.81,0.78,14,13,1,2,0,0,2,1,6,3
24/2/24,VILLARREALB,ZARAGOZA,0,0,14,7,3,1,0.42,0.58,349,467,0.73,0.82,15,7,1,2,0,0,2,4,3,6
25/2/24,ELDENSE,FERROL,2,0,10,10,3,2,0.32,0.68,286,588,0.6,0.78,14,13,3,1,0,0,1,1,4,1
25/2/24,ALCORCON,TENERIFE,1,1,6,12,2,4,0.46,0.54,286,336,0.55,0.64,13,9,2,3,0,0,1,2,3,4
25/2/24,BURGOS,GIJON,1,0,11,7,3,4,0.39,0.61,,,,,17,7,6,2,0,0,0,1,3,5
25/2/24,CARTAGENA,ELCHE,0,1,5,25,3,6,0.36,0.64,,,,,9,18,2,0,0,0,3,1,5,13
25/2/24,AMOREBIETA,ALBACETE,1,1,21,10,5,0,0.58,0.42,488,373,0.79,0.72,9,17,3,6,0,0,1,1,6,4
26/2/24,MIRANDES,HUESCA,0,3,8,10,0,6,0.49,0.51,354,359,0.72,0.73,8,19,3,4,0,0,3,1,4,5
1/3/24,GIJON,ALBACETE,2,1,20,6,6,3,0.64,0.36,,,,,8,12,3,1,0,1,1,3,10,1
2/3/24,ELDENSE,VILLARREALB,2,0,16,9,6,1,0.38,0.62,313,493,0.66,0.79,14,13,3,1,0,0,2,2,2,4
2/3/24,ESPANYOL,HUESCA,0,0,12,2,3,1,0.57,0.43,,,,,19,16,2,5,0,0,2,1,4,1
2/3/24,FERROL,SANTANDER,2,2,13,8,7,3,0.61,0.39,,,,,19,18,3,4,0,1,1,0,7,4
2/3/24,OVIEDO,LEVANTE,3,2,18,12,6,3,0.68,0.32,561,276,0.86,0.73,12,15,0,0,0,0,0,0,13,5
2/3/24,BURGOS,CARTAGENA,3,0,18,8,7,1,0.55,0.45,445,376,0.81,0.73,13,8,3,1,1,0,2,0,6,1
3/3/24,ANDORRA,VALLADOLID,2,1,15,9,6,2,0.55,0.45,472,403,0.8,0.77,13,16,2,3,0,0,3,2,8,7
3/3/24,TENERIFE,MIRANDES,2,1,17,8,5,3,0.54,0.46,422,369,0.76,0.71,15,11,4,4,0,0,0,0,9,4
3/3/24,ZARAGOZA,AMOREBIETA,0,1,8,7,4,3,0.62,0.38,513,327,0.79,0.66,15,12,3,1,0,0,4,2,4,1
3/3/24,LEGANES,EIBAR,0,2,26,9,2,3,0.57,0.43,502,392,0.81,0.75,10,14,2,3,0,1,1,0,7,4
4/3/24,ELCHE,ALCORCON,3,0,17,7,6,1,0.65,0.35,508,278,0.87,0.7,14,15,1,3,0,0,1,1,5,0
8/3/24,HUESCA,ANDORRA,2,0,18,8,9,1,0.52,0.48,471,438,0.84,0.82,16,4,4,0,0,1,3,1,8,4
9/3/24,ALBACETE,OVIEDO,1,2,12,17,3,8,0.54,0.46,435,381,0.77,0.75,20,10,6,0,0,0,2,0,7,6
9/3/24,MIRANDES,ELDENSE,3,1,8,11,4,3,0.44,0.56,356,446,0.69,0.71,12,13,2,0,0,0,1,0,2,6
9/3/24,VALLADOLID,ZARAGOZA,2,0,12,5,3,3,0.52,0.48,412,397,0.73,0.71,9,16,1,4,0,0,1,3,4,3
9/3/24,CARTAGENA,FERROL,2,1,12,11,5,4,0.43,0.57,360,467,0.73,0.78,10,12,2,4,0,0,1,2,5,5
10/3/24,SANTANDER,TENERIFE,4,2,19,6,8,3,0.52,0.48,,,,,14,16,3,5,0,1,1,4,8,3
10/3/24,LEVANTE,GIJON,1,0,19,13,3,2,0.42,0.58,355,490,0.8,0.87,15,9,2,1,1,0,2,1,7,4
10/3/24,VILLARREALB,ELCHE,0,1,14,13,6,3,0.44,0.56,389,484,0.81,0.84,13,17,2,5,0,0,2,2,8,4
10/3/24,EIBAR,BURGOS,0,1,12,9,3,2,0.71,0.29,669,283,0.82,0.66,12,10,2,4,0,0,3,1,9,2
10/3/24,ALCORCON,ESPANYOL,1,1,15,13,5,2,0.37,0.63,279,456,0.65,0.79,11,13,2,4,1,1,0,2,4,6
11/3/24,AMOREBIETA,LEGANES,0,1,13,4,1,2,0.66,0.34,545,308,0.82,0.74,9,8,2,1,0,1,4,3,8,1
13/3/24,LEVANTE,ANDORRA,0,0,6,11,2,3,0.45,0.55,429,517,0.85,0.85,17,11,2,1,0,0,3,1,7,4
15/3/24,ELDENSE,CARTAGENA,0,0,16,8,4,2,0.58,0.42,361,275,0.67,0.54,19,8,4,1,0,0,2,3,9,1
16/3/24,BURGOS,LEVANTE,1,1,18,11,11,2,0.42,0.58,327,419,0.73,0.78,8,12,4,3,0,0,3,2,7,8
16/3/24,EIBAR,VILLARREALB,2,0,12,11,8,3,0.53,0.47,487,445,0.78,0.77,11,13,1,3,0,0,1,1,7,4
16/3/24,OVIEDO,SANTANDER,1,1,14,16,6,5,0.62,0.38,,,,,6,15,2,3,1,1,5,2,8,6
16/3/24,TENERIFE,HUESCA,0,0,20,6,2,2,0.63,0.37,539,323,0.85,0.74,10,7,2,2,0,0,2,3,8,5
16/3/24,GIJON,ALCORCON,1,0,11,10,3,2,0.61,0.39,429,273,0.82,0.71,12,11,2,2,0,0,0,1,12,4
17/3/24,LEGANES,MIRANDES,4,0,12,9,7,3,0.49,0.51,445,467,0.83,0.83,3,9,0,2,0,0,2,2,8,3
17/3/24,FERROL,VALLADOLID,2,0,17,7,6,1,0.51,0.49,388,366,0.75,0.74,20,15,1,1,0,1,2,2,8,4
17/3/24,ELCHE,ALBACETE,3,2,22,7,7,2,0.68,0.32,561,277,0.86,0.7,11,19,2,2,0,0,1,1,9,3
17/3/24,ZARAGOZA,ESPANYOL,0,1,14,6,2,1,0.6,0.4,461,311,0.83,0.72,13,22,1,4,0,0,3,2,8,3
18/3/24,ANDORRA,AMOREBIETA,0,1,21,6,5,3,0.69,0.31,691,319,0.91,0.78,12,7,3,2,0,0,1,0,4,4
23/3/24,ALCORCON,OVIEDO,1,0,11,11,6,2,0.3,0.7,243,566,0.73,0.9,17,8,2,2,0,0,2,2,3,3
23/3/24,VILLARREALB,LEGANES,1,2,7,19,3,9,0.51,0.49,482,458,0.81,0.82,10,16,2,2,0,0,0,1,3,3
23/3/24,CARTAGENA,ANDORRA,1,0,6,20,3,2,0.32,0.68,254,530,0.62,0.86,9,13,0,2,0,0,4,1,6,6
23/3/24,ESPANYOL,TENERIFE,1,1,22,9,8,2,0.67,0.33,492,254,0.88,0.73,10,19,4,4,0,0,2,0,10,2
24/3/24,AMOREBIETA,GIJON,3,1,12,11,3,4,0.34,0.66,297,569,0.78,0.88,13,12,1,1,0,0,0,2,3,6
24/3/24,VALLADOLID,EIBAR,3,1,19,4,5,2,0.67,0.33,593,312,0.92,0.79,10,9,2,1,0,1,1,2,9,3
24/3/24,HUESCA,BURGOS,3,0,16,12,7,0,0.41,0.59,343,501,0.74,0.84,12,9,0,0,0,0,0,2,4,3
24/3/24,MIRANDES,ZARAGOZA,0,0,8,10,1,3,0.46,0.54,359,416,0.75,0.81,11,9,3,2,0,0,4,1,5,3
24/3/24,LEVANTE,ELCHE,3,2,9,19,3,7,0.46,0.54,389,463,0.77,0.83,14,13,3,2,0,0,6,0,2,3
24/3/24,SANTANDER,ELDENSE,2,1,16,17,10,6,0.52,0.48,377,337,0.75,0.75,15,17,1,5,0,0,1,4,11,6
25/3/24,ALBACETE,FERROL,1,1,9,16,4,5,0.48,0.52,374,392,0.73,0.73,14,9,1,1,0,0,1,2,5,3
29/3/24,BURGOS,ESPANYOL,0,0,14,10,5,2,0.48,0.52,375,387,0.76,0.8,12,13,4,3,0,0,4,1,5,7
30/3/24,VALLADOLID,LEVANTE,0,0,11,9,3,1,0.59,0.41,477,342,0.81,0.75,12,21,1,2,0,0,2,4,5,4
30/3/24,EIBAR,ELDENSE,5,1,17,11,7,5,0.65,0.35,620,344,0.85,0.73,5,9,1,1,0,0,4,1,6,1
30/3/24,ANDORRA,MIRANDES,1,0,9,8,2,5,0.7,0.3,547,229,0.85,0.65,11,16,1,2,0,0,2,4,4,6
30/3/24,LEGANES,CARTAGENA,0,0,6,6,4,1,0.61,0.39,504,335,0.86,0.75,16,7,3,4,0,0,3,1,6,4
30/3/24,ALBACETE,HUESCA,1,1,20,6,6,3,0.54,0.46,462,419,0.8,0.78,10,10,2,3,0,0,3,0,10,5
30/3/24,GIJON,SANTANDER,2,3,13,9,5,3,0.52,0.48,,,,,17,18,6,5,1,0,4,0,0,4
31/3/24,ALCORCON,AMOREBIETA,1,1,11,8,4,5,0.55,0.45,434,361,0.77,0.74,8,12,3,1,0,1,3,0,4,2
31/3/24,FERROL,ELCHE,1,0,11,8,4,3,0.38,0.62,306,489,0.69,0.79,10,11,2,5,0,0,6,3,0,7
31/3/24,ZARAGOZA,TENERIFE,3,1,11,9,6,4,0.33,0.67,276,587,0.65,0.85,15,14,0,3,0,0,1,0,9,2
31/3/24,OVIEDO,VILLARREALB,2,1,11,13,4,6,0.51,0.49,455,432,0.81,0.8,20,14,1,3,0,0,3,0,5,8
5/4/24,ELCHE,OVIEDO,0,2,21,8,6,4,0.71,0.29,586,253,0.86,0.68,14,13,2,5,0,0,1,1,9,4
5/4/24,AMOREBIETA,FERROL,3,1,6,14,4,3,0.37,0.63,296,490,0.68,0.83,15,15,1,1,0,0,2,5,4,6
6/4/24,ELDENSE,ANDORRA,0,2,18,11,4,3,0.57,0.43,396,306,0.75,0.64,18,13,4,2,0,0,3,3,6,5
6/4/24,LEVANTE,ZARAGOZA,2,1,17,13,3,6,0.6,0.4,422,278,0.81,0.72,19,17,2,3,0,0,1,2,7,3
7/4/24,HUESCA,LEGANES,0,0,6,5,2,1,0.52,0.48,453,430,0.85,0.85,14,14,4,6,0,0,1,2,6,2
7/4/24,MIRANDES,GIJON,1,3,9,11,3,3,0.4,0.6,340,508,0.77,0.83,14,13,5,1,0,0,1,1,1,3
7/4/24,VILLARREALB,BURGOS,2,1,14,20,6,6,0.41,0.59,376,510,0.77,0.84,17,7,3,1,0,0,1,2,5,8
7/4/24,ESPANYOL,ALBACETE,2,1,9,9,5,4,0.54,0.46,461,394,0.85,0.79,17,9,2,3,1,0,0,2,5,8
7/4/24,TENERIFE,EIBAR,2,1,7,19,3,5,0.42,0.58,360,480,0.76,0.84,14,11,4,5,0,0,1,1,1,6
7/4/24,CARTAGENA,VALLADOLID,0,2,15,6,3,5,0.61,0.39,516,341,0.81,0.76,9,7,3,0,0,0,2,0,5,0
8/4/24,SANTANDER,ALCORCON,0,1,21,9,10,4,0.65,0.35,499,263,0.83,0.66,10,18,2,4,0,2,4,1,13,3
12/4/24,LEGANES,ESPANYOL,0,0,10,13,3,1,0.43,0.57,354,459,0.79,0.86,19,11,4,2,0,0,3,1,3,0
13/4/24,GIJON,CARTAGENA,1,0,14,7,6,0,0.56,0.44,483,386,0.83,0.74,9,8,2,2,0,0,2,1,8,4
13/4/24,VALLADOLID,ELDENSE,1,0,19,10,5,2,0.64,0.36,505,297,0.8,0.64,4,12,2,2,0,0,0,4,7,4
13/4/24,LEVANTE,AMOREBIETA,1,2,25,9,9,3,0.52,0.48,537,513,0.85,0.82,7,11,0,1,0,0,3,1,5,0
14/4/24,OVIEDO,MIRANDES,1,1,16,14,4,5,0.71,0.29,497,198,0.83,0.68,8,20,0,3,0,0,0,0,7,9
14/4/24,ANDORRA,EIBAR,0,2,10,9,1,4,0.48,0.52,422,455,0.84,0.84,8,10,0,1,0,0,1,3,5,4
14/4/24,ALBACETE,TENERIFE,1,0,22,5,7,1,0.54,0.46,504,458,0.85,0.81,9,13,3,1,0,1,2,1,11,1
14/4/24,BURGOS,SANTANDER,2,1,15,5,6,3,0.41,0.59,295,437,0.75,0.8,10,15,4,2,0,0,2,1,10,2
14/4/24,ZARAGOZA,ELCHE,1,1,16,13,3,2,0.4,0.6,342,514,0.78,0.85,12,10,2,1,0,0,0,4,8,2
14/4/24,FERROL,HUESCA,2,1,10,3,2,2,0.64,0.36,,,,,15,16,1,1,0,0,2,4,5,3
15/4/24,ALCORCON,VILLARREALB,1,0,7,20,3,4,0.42,0.58,318,440,0.69,0.78,12,8,3,1,0,0,1,1,2,7
19/4/24,TENERIFE,LEGANES,0,0,3,8,0,3,0.58,0.42,439,337,0.84,0.76,18,15,3,0,0,0,5,1,6,2
20/4/24,AMOREBIETA,VALLADOLID,0,3,9,14,3,9,0.36,0.64,322,576,0.78,0.89,10,9,3,2,1,0,2,1,2,6
20/4/24,VILLARREALB,FERROL,1,0,12,15,5,3,0.45,0.55,418,498,0.76,0.78,14,7,3,1,0,0,2,1,3,4
20/4/24,SANTANDER,LEVANTE,0,0,21,17,7,5,0.49,0.51,425,431,0.84,0.79,11,17,1,0,0,0,2,3,3,3
20/4/24,ELCHE,GIJON,2,1,10,11,3,4,0.41,0.59,410,571,0.84,0.87,15,13,2,5,0,0,2,2,1,7
20/4/24,HUESCA,ZARAGOZA,1,2,6,8,3,4,0.62,0.38,,,,,14,17,3,2,1,1,1,3,8,3
21/4/24,ESPANYOL,ANDORRA,1,1,12,12,4,6,0.47,0.53,422,491,0.85,0.85,12,6,5,3,0,0,1,2,6,2
21/4/24,EIBAR,ALCORCON,2,0,16,14,5,3,0.71,0.29,653,257,0.87,0.62,14,11,1,3,0,1,0,0,5,5
21/4/24,ELDENSE,ALBACETE,0,1,12,8,4,2,0.54,0.46,414,368,0.77,0.71,17,8,2,1,0,0,0,1,8,3
21/4/24,MIRANDES,BURGOS,2,1,11,6,5,2,0.37,0.63,279,482,0.7,0.79,11,11,2,4,0,0,2,2,6,3
22/4/24,CARTAGENA,OVIEDO,2,0,20,9,8,2,0.49,0.51,403,408,0.83,0.86,13,18,2,2,0,1,3,1,5,2
26/4/24,ANDORRA,SANTANDER,1,1,23,17,8,4,0.48,0.52,426,459,0.84,0.85,11,11,1,3,0,0,5,4,9,5
27/4/24,BURGOS,AMOREBIETA,2,2,17,11,6,5,0.42,0.58,381,521,0.8,0.84,5,11,4,3,0,0,2,1,6,1
27/4/24,LEGANES,ZARAGOZA,1,1,3,17,2,4,0.39,0.61,307,493,0.73,0.85,14,18,2,2,0,0,1,2,5,3
27/4/24,ELCHE,ESPANYOL,2,2,10,9,3,4,0.59,0.41,492,353,0.85,0.78,12,22,2,4,0,0,2,1,6,4
28/4/24,GIJON,VILLARREALB,0,3,12,16,3,4,0.57,0.43,545,428,0.85,0.77,9,9,4,2,0,0,2,0,8,3
28/4/24,OVIEDO,TENERIFE,0,1,17,4,3,2,0.69,0.31,558,265,0.86,0.69,9,19,2,2,0,0,1,0,6,3
28/4/24,ALCORCON,ELDENSE,0,0,12,8,4,1,0.58,0.42,397,290,0.78,0.68,11,16,2,2,0,0,0,1,3,2
28/4/24,LEVANTE,CARTAGENA,0,1,14,8,3,3,0.61,0.39,583,384,0.87,0.79,9,9,1,2,0,0,3,5,3,2
28/4/24,VALLADOLID,HUESCA,1,0,12,7,4,0,0.49,0.51,358,389,0.77,0.79,19,6,4,3,0,0,0,2,5,3
28/4/24,ALBACETE,EIBAR,2,1,12,17,4,3,0.33,0.67,282,550,0.67,0.85,11,8,3,1,1,0,2,1,4,8
29/4/24,FERROL,MIRANDES,0,2,24,5,4,4,0.74,0.26,575,224,0.84,0.52,9,9,2,4,0,0,0,2,8,3
3/5/24,VILLARREALB,LEVANTE,0,3,18,12,3,5,0.45,0.55,411,505,0.79,0.85,11,15,1,1,0,0,2,1,9,4
4/5/24,MIRANDES,VALLADOLID,0,1,11,15,3,6,0.45,0.55,382,467,0.75,0.83,9,12,0,3,1,0,3,2,5,4
4/5/24,HUESCA,OVIEDO,0,2,15,19,3,6,0.52,0.48,414,400,0.85,0.86,11,8,1,1,0,0,1,3,8,5
4/5/24,SANTANDER,ELCHE,3,1,15,27,7,5,0.30,0.70,238,526,0.67,0.89,19,9,3,2,1,0,2,1,5,6
4/5/24,CARTAGENA,ALCORCON,1,0,11,10,4,1,0.45,0.55,330,379,0.73,0.76,10,19,1,3,0,0,1,2,0,7
5/5/24,EIBAR,AMOREBIETA,5,0,20,19,14,3,0.53,0.47,507,440,0.81,0.78,6,10,2,2,0,0,3,0,4,8
5/5/24,ESPANYOL,GIJON,0,0,14,4,2,0,0.53,0.47,334,324,0.79,0.77,20,11,4,4,0,0,5,3,8,3
5/5/24,ANDORRA,ALBACETE,0,1,14,4,2,2,0.66,0.34,545,288,0.87,0.74,17,11,5,3,1,0,1,2,6,3
5/5/24,ELDENSE,LEGANES,1,2,3,19,1,5,0.25,0.75,187,528,0.57,0.87,16,15,2,3,1,0,0,1,0,8
5/5/24,ZARAGOZA,BURGOS,1,3,22,5,6,4,0.56,0.44,466,404,0.79,0.75,12,9,1,1,0,0,0,0,2,1
5/5/24,TENERIFE,FERROL,2,0,16,10,7,2,0.52,0.48,438,408,0.82,0.84,15,9,0,2,0,0,3,3,5,2
10/5/24,BURGOS,ELDENSE,1,2,20,12,6,5,0.65,0.35,496,281,0.81,0.66,8,16,2,4,0,0,1,1,7,4
11/5/24,SANTANDER,MIRANDES,1,0,21,8,7,0,0.52,0.48,427,403,0.79,0.78,13,11,3,4,0,0,0,1,10,3
11/5/24,GIJON,ANDORRA,5,2,14,16,9,4,0.46,0.54,466,541,0.84,0.86,13,12,1,1,0,0,2,0,3,2
11/5/24,FERROL,ALCORCON,2,1,19,12,7,3,0.64,0.36,495,284,0.85,0.65,16,11,0,0,0,1,2,1,5,2
11/5/24,VALLADOLID,ESPANYOL,0,0,15,4,2,1,0.59,0.41,464,335,0.78,0.69,13,19,4,6,0,1,3,1,3,4
11/5/24,LEVANTE,EIBAR,2,2,18,9,5,2,0.51,0.49,477,454,0.82,0.8,9,15,3,1,0,1,3,3,6,5
12/5/24,AMOREBIETA,VILLARREALB,2,0,12,11,4,4,0.59,0.41,497,339,0.83,0.78,16,12,1,2,0,1,1,1,2,7
12/5/24,OVIEDO,ZARAGOZA,1,0,15,8,4,4,0.62,0.38,405,264,0.86,0.71,11,9,1,2,0,1,2,0,4,13
12/5/24,ALBACETE,LEGANES,1,0,9,15,2,3,0.39,0.61,354,515,0.79,0.88,8,13,1,3,0,0,2,0,3,7
12/5/24,CARTAGENA,TENERIFE,2,0,9,17,3,4,0.44,0.56,364,448,0.75,0.81,7,15,0,3,0,0,4,4,2,5
12/5/24,ELCHE,HUESCA,0,3,21,8,4,3,0.75,0.25,678,224,0.9,0.69,11,10,1,3,0,0,0,0,3,2
17/5/24,MIRANDES,ELCHE,1,1,6,21,4,4,0.29,0.71,246,611,0.62,0.86,11,13,4,2,0,0,1,2,5,7
18/5/24,ANDORRA,BURGOS,1,0,19,11,4,3,0.59,0.41,549,410,0.86,0.81,14,7,2,1,0,0,1,3,7,1
18/5/24,LEGANES,GIJON,2,1,13,11,5,4,0.29,0.71,233,558,0.74,0.86,13,7,4,5,1,0,3,1,4,7
18/5/24,HUESCA,SANTANDER,0,3,15,7,4,5,0.61,0.39,,,,,11,17,1,0,0,0,1,0,6,4
18/5/24,ELDENSE,LEVANTE,0,0,12,6,4,2,0.39,0.61,279,439,0.70,0.80,15,14,0,1,0,0,2,2,5,1
18/5/24,TENERIFE,AMOREBIETA,0,1,15,13,3,2,0.56,0.44,487,382,0.84,0.78,10,11,1,1,0,0,3,0,5,5
19/5/24,EIBAR,CARTAGENA,1,0,16,6,7,1,0.48,0.52,477,516,0.87,0.86,10,6,0,4,1,0,3,3,3,0
19/5/24,ALCORCON,VALLADOLID,1,1,16,16,9,5,0.39,0.61,268,409,0.7,0.85,14,11,2,3,0,0,2,0,4,6
19/5/24,ZARAGOZA,FERROL,2,2,20,10,5,4,0.48,0.52,335,357,0.7,0.78,10,11,1,4,0,0,4,2,9,9
20/5/24,VILLARREALB,ALBACETE,2,2,25,8,6,7,0.54,0.46,436,396,0.86,0.8,19,11,3,2,0,0,2,2,8,1
20/5/24,ESPANYOL,OVIEDO,2,1,10,9,2,4,0.43,0.57,299,393,0.78,0.83,13,15,2,1,0,0,0,4,2,7
26/5/24,GIJON,EIBAR,1,0,12,13,2,2,0.44,0.56,396,485,0.79,0.85,8,11,2,2,0,0,1,2,2,9
26/5/24,ALBACETE,MIRANDES,2,2,16,15,4,8,0.66,0.34,575,304,0.87,0.77,14,10,2,2,0,0,0,0,6,3
26/5/24,LEVANTE,ALCORCON,2,2,16,20,4,6,0.61,0.39,520,331,0.85,0.77,10,10,3,1,0,0,1,3,12,6
26/5/24,FERROL,LEGANES,2,2,8,5,2,3,0.69,0.31,639,295,0.87,0.69,14,14,0,2,0,0,3,1,1,2
26/5/24,CARTAGENA,HUESCA,0,2,9,7,0,3,0.68,0.32,578,270,0.86,0.68,9,11,0,4,0,0,3,2,4,3
26/5/24,VALLADOLID,VILLARREALB,3,2,14,12,4,4,0.54,0.46,411,359,0.82,0.78,17,13,4,3,1,0,5,1,3,3
26/5/24,ELCHE,ELDENSE,1,2,16,9,4,3,0.69,0.31,529,237,0.84,0.67,13,18,1,3,0,0,6,0,5,2
26/5/24,AMOREBIETA,ESPANYOL,0,0,10,11,3,3,0.35,0.65,282,522,0.68,0.86,11,14,1,0,0,0,6,4,3,2
26/5/24,OVIEDO,ANDORRA,3,0,12,14,4,1,0.4,0.6,318,489,0.81,0.88,15,14,2,2,0,0,0,0,6,7
26/5/24,SANTANDER,ZARAGOZA,0,2,15,12,6,5,0.70,0.30,,,,,16,18,5,6,0,0,3,2,9,4
26/5/24,BURGOS,TENERIFE,1,1,13,9,5,3,0.66,0.34,525,285,0.86,0.69,9,29,3,3,0,0,0,0,4,3
2/6/24,HUESCA,LEVANTE,0,0,14,13,3,4,0.39,0.61,347,547,0.8,0.85,10,7,1,0,0,0,1,2,3,6
2/6/24,ALCORCON,BURGOS,1,1,12,20,5,9,0.41,0.59,398,588,0.80,0.87,11,3,0,0,0,0,3,0,2,5
2/6/24,ANDORRA,FERROL,1,0,10,10,3,2,0.60,0.40,495,329,0.84,0.76,13,9,4,1,0,0,2,0,3,6
2/6/24,TENERIFE,VALLADOLID,2,1,14,13,5,3,0.52,0.48,431,403,0.83,0.82,13,7,2,1,0,0,4,3,4,7
2/6/24,EIBAR,OVIEDO,4,3,20,22,11,5,0.48,0.52,467,490,0.8,0.81,8,9,2,2,0,0,2,3,7,5
2/6/24,LEGANES,ELCHE,2,0,7,9,5,1,0.32,0.68,316,653,0.77,0.89,8,17,1,4,0,0,1,1,2,3
2/6/24,MIRANDES,AMOREBIETA,1,0,10,11,3,2,0.41,0.59,342,478,0.74,0.78,11,16,4,2,0,0,5,1,4,0
2/6/24,ESPANYOL,CARTAGENA,3,0,14,8,6,1,0.58,0.42,463,352,0.81,0.75,10,12,1,0,0,0,3,3,8,3
2/6/24,ELDENSE,GIJON,0,1,11,9,3,5,0.46,0.54,387,461,0.79,0.80,16,11,2,1,0,0,0,4,3,3
2/6/24,VILLARREALB,SANTANDER,1,0,22,10,5,2,0.61,0.39,512,334,0.88,0.79,18,14,5,2,0,0,3,4,3,4
2/6/24,ZARAGOZA,ALBACETE,1,1,12,6,3,2,0.44,0.56,381,496,0.77,0.81,15,12,1,2,0,0,1,2,4,6
8/6/24,OVIEDO,EIBAR,0,0,8,6,2,2,0.53,0.47,462,424,0.85,0.83,20,13,3,1,0,0,2,0,5,1
9/6/24,GIJON,ESPANYOL,0,1,9,16,3,5,0.45,0.55,386,455,0.8,0.84,8,15,3,5,0,1,3,1,0,5
12/6/24,EIBAR,OVIEDO,0,2,8,11,4,3,0.57,0.43,497,392,0.84,0.78,19,13,3,2,0,0,1,1,5,1
13/6/24,ESPANYOL,GIJON,0,0,19,14,6,3,0.47,0.53,392,420,0.75,0.79,13,16,0,3,1,0,2,2,1,7
16/6/24,OVIEDO,ESPANYOL,1,0,9,4,4,0,0.52,0.48,359,336,0.81,0.79,14,17,1,2,0,0,1,1,1,4
23/6/24,ESPANYOL,OVIEDO,2,0,11,9,2,2,0.46,0.54,329,375,0.75,0.79,21,16,3,3,0,0,0,1,7,5
